DoctorID;Fecha;TotalVisitasEfectivas;IntervalAgenda;AreaClinica;MinutosConsulta;TotalHuecos
379;2023-01-03;0;15;CIRUGIA GENERAL Y AP.DIGESTIVO;0.0;0.0
25;2023-01-03;0;15;CIRUGIA PLASTICA;0.0;0.0
122;2023-01-03;0;15;NEUMOLOGIA;0.0;0.0
43;2023-01-03;0;15;OFTALMOLOGÍA;0.0;0.0
113;2023-01-03;0;15;PRUEBAS OFTALMOLOGICAS;0.0;0.0
21;2023-01-12;0;15;PSIQUIATRIA;300.0;20.0
21;2023-01-26;5;15;PSIQUIATRIA;300.0;20.0
21;2023-02-09;2;15;PSIQUIATRIA;300.0;20.0
21;2023-02-23;4;15;PSIQUIATRIA;300.0;20.0
21;2023-03-09;1;15;PSIQUIATRIA;300.0;20.0
26;2023-01-03;0;12;GINECOLOGÍA;420.0;35.0
26;2023-01-04;0;12;GINECOLOGÍA;420.0;35.0
26;2023-01-11;0;12;GINECOLOGÍA;420.0;35.0
26;2023-01-18;21;12;GINECOLOGÍA;420.0;35.0
26;2023-01-25;20;12;GINECOLOGÍA;420.0;35.0
26;2023-02-01;22;12;GINECOLOGÍA;420.0;35.0
26;2023-02-08;23;12;GINECOLOGÍA;420.0;35.0
26;2023-02-15;23;12;GINECOLOGÍA;420.0;35.0
26;2023-02-22;24;12;GINECOLOGÍA;420.0;35.0
26;2023-03-01;30;12;GINECOLOGÍA;420.0;35.0
26;2023-03-08;24;12;GINECOLOGÍA;420.0;35.0
26;2023-03-15;22;12;GINECOLOGÍA;420.0;35.0
26;2023-03-22;19;12;GINECOLOGÍA;420.0;35.0
26;2023-03-29;16;12;GINECOLOGÍA;420.0;35.0
26;2023-04-05;1;12;GINECOLOGÍA;420.0;35.0
26;2023-04-12;15;12;GINECOLOGÍA;420.0;35.0
26;2023-04-19;2;12;GINECOLOGÍA;420.0;35.0
26;2023-05-03;1;12;GINECOLOGÍA;420.0;35.0
26;2023-05-10;1;12;GINECOLOGÍA;420.0;35.0
26;2023-07-05;3;12;GINECOLOGÍA;420.0;35.0
26;2023-07-11;0;12;GINECOLOGÍA;420.0;35.0
26;2023-07-12;1;12;GINECOLOGÍA;420.0;35.0
26;2023-07-19;1;12;GINECOLOGÍA;420.0;35.0
26;2023-07-26;1;12;GINECOLOGÍA;420.0;35.0
26;2023-08-02;1;12;GINECOLOGÍA;420.0;35.0
26;2023-08-09;1;12;GINECOLOGÍA;420.0;35.0
26;2023-08-16;1;12;GINECOLOGÍA;420.0;35.0
26;2023-08-23;1;12;GINECOLOGÍA;420.0;35.0
26;2023-08-30;1;12;GINECOLOGÍA;420.0;35.0
26;2023-09-06;1;12;GINECOLOGÍA;420.0;35.0
26;2023-09-20;0;12;GINECOLOGÍA;420.0;35.0
26;2023-10-03;0;12;GINECOLOGÍA;420.0;35.0
26;2023-10-11;0;12;GINECOLOGÍA;420.0;35.0
31;2023-01-02;19;10;MEDICINA GENERAL;160.0;16.0
31;2023-01-05;16;10;MEDICINA GENERAL;160.0;16.0
31;2023-01-09;18;10;MEDICINA GENERAL;160.0;16.0
31;2023-01-10;0;10;MEDICINA GENERAL;160.0;16.0
31;2023-01-12;21;10;MEDICINA GENERAL;160.0;16.0
31;2023-01-13;17;10;MEDICINA GENERAL;160.0;16.0
31;2023-01-16;19;10;MEDICINA GENERAL;160.0;16.0
31;2023-01-19;16;10;MEDICINA GENERAL;160.0;16.0
31;2023-01-20;16;10;MEDICINA GENERAL;160.0;16.0
31;2023-01-23;20;10;MEDICINA GENERAL;160.0;16.0
31;2023-01-26;22;10;MEDICINA GENERAL;160.0;16.0
31;2023-01-27;18;10;MEDICINA GENERAL;160.0;16.0
31;2023-01-30;16;10;MEDICINA GENERAL;160.0;16.0
31;2023-02-02;18;10;MEDICINA GENERAL;160.0;16.0
31;2023-02-03;19;10;MEDICINA GENERAL;160.0;16.0
31;2023-02-06;20;10;MEDICINA GENERAL;160.0;16.0
31;2023-02-09;19;10;MEDICINA GENERAL;160.0;16.0
31;2023-02-10;18;10;MEDICINA GENERAL;160.0;16.0
31;2023-02-13;17;10;MEDICINA GENERAL;160.0;16.0
31;2023-02-16;22;10;MEDICINA GENERAL;160.0;16.0
31;2023-02-17;18;10;MEDICINA GENERAL;160.0;16.0
31;2023-02-20;19;10;MEDICINA GENERAL;160.0;16.0
31;2023-02-23;20;10;MEDICINA GENERAL;160.0;16.0
31;2023-02-27;17;10;MEDICINA GENERAL;160.0;16.0
31;2023-03-02;13;10;MEDICINA GENERAL;160.0;16.0
31;2023-03-03;9;10;MEDICINA GENERAL;160.0;16.0
31;2023-03-06;3;10;MEDICINA GENERAL;160.0;16.0
31;2023-03-09;2;10;MEDICINA GENERAL;160.0;16.0
37;2023-01-03;94;5;DERMATOLOGIA;450.0;90.0
37;2023-01-10;84;5;DERMATOLOGIA;450.0;90.0
37;2023-01-17;95;5;DERMATOLOGIA;450.0;90.0
37;2023-01-24;97;5;DERMATOLOGIA;450.0;90.0
37;2023-01-31;96;5;DERMATOLOGIA;450.0;90.0
37;2023-02-07;95;5;DERMATOLOGIA;450.0;90.0
37;2023-02-14;97;5;DERMATOLOGIA;450.0;90.0
37;2023-02-21;129;5;DERMATOLOGIA;450.0;90.0
37;2023-02-28;129;5;DERMATOLOGIA;450.0;90.0
37;2023-03-07;129;5;DERMATOLOGIA;450.0;90.0
37;2023-03-14;126;5;DERMATOLOGIA;450.0;90.0
37;2023-03-21;77;5;DERMATOLOGIA;450.0;90.0
37;2023-03-28;13;5;DERMATOLOGIA;450.0;90.0
37;2023-04-04;3;5;DERMATOLOGIA;450.0;90.0
37;2023-04-11;2;5;DERMATOLOGIA;450.0;90.0
37;2023-05-02;0;5;DERMATOLOGIA;450.0;90.0
37;2023-05-09;1;5;DERMATOLOGIA;450.0;90.0
37;2023-06-13;1;5;DERMATOLOGIA;450.0;90.0
37;2023-07-04;0;5;DERMATOLOGIA;450.0;90.0
37;2023-07-11;0;5;DERMATOLOGIA;450.0;90.0
37;2023-10-10;2;5;DERMATOLOGIA;450.0;90.0
37;2023-10-24;0;5;DERMATOLOGIA;450.0;90.0
38;2023-01-02;6;15;RADIOLOGIA;420.0;28.0
38;2023-01-03;6;15;RADIOLOGIA;420.0;28.0
38;2023-01-04;6;15;RADIOLOGIA;420.0;28.0
38;2023-01-05;1;15;RADIOLOGIA;315.0;21.0
38;2023-01-09;10;15;RADIOLOGIA;420.0;28.0
38;2023-01-10;11;15;RADIOLOGIA;420.0;28.0
38;2023-01-11;12;15;RADIOLOGIA;420.0;28.0
38;2023-01-12;6;15;RADIOLOGIA;315.0;21.0
38;2023-01-13;10;15;RADIOLOGIA;210.0;14.0
38;2023-01-16;6;15;RADIOLOGIA;420.0;28.0
38;2023-01-17;6;15;RADIOLOGIA;420.0;28.0
38;2023-01-18;9;15;RADIOLOGIA;420.0;28.0
38;2023-01-19;10;15;RADIOLOGIA;315.0;21.0
38;2023-01-20;9;15;RADIOLOGIA;210.0;14.0
38;2023-01-23;6;15;RADIOLOGIA;420.0;28.0
38;2023-01-24;8;15;RADIOLOGIA;420.0;28.0
38;2023-01-25;12;15;RADIOLOGIA;420.0;28.0
38;2023-01-26;12;15;RADIOLOGIA;315.0;21.0
38;2023-01-27;8;15;RADIOLOGIA;210.0;14.0
38;2023-01-30;9;15;RADIOLOGIA;420.0;28.0
38;2023-01-31;6;15;RADIOLOGIA;420.0;28.0
38;2023-02-01;11;15;RADIOLOGIA;420.0;28.0
38;2023-02-02;7;15;RADIOLOGIA;315.0;21.0
38;2023-02-03;4;15;RADIOLOGIA;210.0;14.0
38;2023-02-06;1;15;RADIOLOGIA;420.0;28.0
38;2023-02-08;4;15;RADIOLOGIA;420.0;28.0
38;2023-02-09;6;15;RADIOLOGIA;315.0;21.0
38;2023-02-10;6;15;RADIOLOGIA;210.0;14.0
38;2023-02-13;12;15;RADIOLOGIA;420.0;28.0
38;2023-02-14;10;15;RADIOLOGIA;420.0;28.0
38;2023-02-15;12;15;RADIOLOGIA;420.0;28.0
38;2023-02-16;6;15;RADIOLOGIA;315.0;21.0
38;2023-02-17;6;15;RADIOLOGIA;210.0;14.0
38;2023-02-20;12;15;RADIOLOGIA;420.0;28.0
38;2023-02-21;10;15;RADIOLOGIA;420.0;28.0
38;2023-02-22;17;15;RADIOLOGIA;420.0;28.0
38;2023-02-23;5;15;RADIOLOGIA;315.0;21.0
38;2023-02-24;3;15;RADIOLOGIA;210.0;14.0
38;2023-03-01;5;15;RADIOLOGIA;420.0;28.0
38;2023-03-06;3;15;RADIOLOGIA;420.0;28.0
38;2023-03-08;5;15;RADIOLOGIA;420.0;28.0
38;2023-03-14;1;15;RADIOLOGIA;420.0;28.0
38;2023-03-15;3;15;RADIOLOGIA;420.0;28.0
38;2023-03-21;1;15;RADIOLOGIA;420.0;28.0
38;2023-03-22;3;15;RADIOLOGIA;420.0;28.0
38;2023-04-03;2;15;RADIOLOGIA;420.0;28.0
38;2023-04-17;3;15;RADIOLOGIA;420.0;28.0
40;2023-01-11;26;10;TRAUMATOLOGIA;240.0;24.0
40;2023-01-25;26;10;TRAUMATOLOGIA;240.0;24.0
40;2023-02-08;0;10;TRAUMATOLOGIA;240.0;24.0
40;2023-02-15;26;10;TRAUMATOLOGIA;250.0;25.0
40;2023-02-22;25;10;TRAUMATOLOGIA;240.0;24.0
40;2023-03-08;30;10;TRAUMATOLOGIA;240.0;24.0
40;2023-03-22;15;10;TRAUMATOLOGIA;240.0;24.0
55;2023-01-20;6;30;PERITO;210.0;7.0
55;2023-02-03;9;30;PERITO;210.0;7.0
55;2023-02-17;7;30;PERITO;210.0;7.0
55;2023-03-03;7;30;PERITO;210.0;7.0
55;2023-03-17;3;30;PERITO;210.0;7.0
91;2023-01-02;40;8;MEDICINA GENERAL;180.0;22.5
91;2023-01-03;82;8;MEDICINA GENERAL;350.0;43.75
91;2023-01-04;51;8;MEDICINA GENERAL;180.0;22.5
91;2023-01-05;64;8;MEDICINA GENERAL;350.0;43.75
91;2023-01-09;48;8;MEDICINA GENERAL;180.0;22.5
91;2023-01-10;80;8;MEDICINA GENERAL;350.0;43.75
91;2023-01-11;48;8;MEDICINA GENERAL;180.0;22.5
91;2023-01-12;69;8;MEDICINA GENERAL;350.0;43.75
91;2023-01-13;52;8;MEDICINA GENERAL;180.0;22.5
91;2023-01-16;40;8;MEDICINA GENERAL;180.0;22.5
91;2023-01-17;72;8;MEDICINA GENERAL;350.0;43.75
91;2023-01-18;33;8;MEDICINA GENERAL;180.0;22.5
91;2023-01-19;68;8;MEDICINA GENERAL;350.0;43.75
91;2023-01-20;43;8;MEDICINA GENERAL;180.0;22.5
91;2023-01-23;38;8;MEDICINA GENERAL;180.0;22.5
91;2023-01-24;63;8;MEDICINA GENERAL;350.0;43.75
91;2023-01-25;28;8;MEDICINA GENERAL;180.0;22.5
91;2023-01-26;60;8;MEDICINA GENERAL;350.0;43.75
91;2023-01-27;39;8;MEDICINA GENERAL;180.0;22.5
91;2023-01-30;41;8;MEDICINA GENERAL;180.0;22.5
91;2023-01-31;68;8;MEDICINA GENERAL;350.0;43.75
91;2023-02-01;37;8;MEDICINA GENERAL;180.0;22.5
91;2023-02-02;68;8;MEDICINA GENERAL;350.0;43.75
91;2023-02-03;39;8;MEDICINA GENERAL;180.0;22.5
91;2023-02-06;44;8;MEDICINA GENERAL;180.0;22.5
91;2023-02-07;69;8;MEDICINA GENERAL;350.0;43.75
91;2023-02-08;40;8;MEDICINA GENERAL;180.0;22.5
91;2023-02-09;43;8;MEDICINA GENERAL;350.0;43.75
91;2023-02-10;34;8;MEDICINA GENERAL;180.0;22.5
91;2023-02-13;40;8;MEDICINA GENERAL;180.0;22.5
91;2023-02-14;77;8;MEDICINA GENERAL;350.0;43.75
91;2023-02-15;37;8;MEDICINA GENERAL;180.0;22.5
91;2023-02-16;66;8;MEDICINA GENERAL;350.0;43.75
91;2023-02-17;45;8;MEDICINA GENERAL;180.0;22.5
91;2023-02-20;44;8;MEDICINA GENERAL;180.0;22.5
91;2023-02-21;67;8;MEDICINA GENERAL;350.0;43.75
91;2023-02-22;25;8;MEDICINA GENERAL;180.0;22.5
91;2023-02-23;15;8;MEDICINA GENERAL;350.0;43.75
91;2023-02-24;13;8;MEDICINA GENERAL;180.0;22.5
91;2023-02-27;3;8;MEDICINA GENERAL;180.0;22.5
91;2023-02-28;6;8;MEDICINA GENERAL;350.0;43.75
91;2023-03-01;3;8;MEDICINA GENERAL;180.0;22.5
91;2023-03-02;4;8;MEDICINA GENERAL;350.0;43.75
91;2023-03-03;2;8;MEDICINA GENERAL;180.0;22.5
91;2023-03-06;1;8;MEDICINA GENERAL;180.0;22.5
91;2023-03-07;2;8;MEDICINA GENERAL;350.0;43.75
91;2023-03-08;1;8;MEDICINA GENERAL;180.0;22.5
91;2023-03-09;1;8;MEDICINA GENERAL;350.0;43.75
91;2023-03-10;1;8;MEDICINA GENERAL;180.0;22.5
91;2023-03-14;4;8;MEDICINA GENERAL;350.0;43.75
91;2023-03-15;1;8;MEDICINA GENERAL;180.0;22.5
91;2023-03-16;3;8;MEDICINA GENERAL;350.0;43.75
91;2023-03-21;1;8;MEDICINA GENERAL;350.0;43.75
91;2023-03-22;1;8;MEDICINA GENERAL;180.0;22.5
91;2023-03-23;1;8;MEDICINA GENERAL;350.0;43.75
91;2023-03-24;1;8;MEDICINA GENERAL;180.0;22.5
91;2023-03-28;1;8;MEDICINA GENERAL;350.0;43.75
91;2023-03-30;1;8;MEDICINA GENERAL;350.0;43.75
91;2023-04-05;1;8;MEDICINA GENERAL;180.0;22.5
91;2023-04-18;2;8;MEDICINA GENERAL;350.0;43.75
92;2023-01-02;14;5;MEDICINA GENERAL;105.0;21.0
92;2023-01-04;15;5;MEDICINA GENERAL;105.0;21.0
92;2023-01-05;21;5;MEDICINA GENERAL;105.0;21.0
92;2023-01-09;18;5;MEDICINA GENERAL;105.0;21.0
92;2023-01-11;24;5;MEDICINA GENERAL;105.0;21.0
92;2023-01-12;20;5;MEDICINA GENERAL;105.0;21.0
92;2023-01-16;18;5;MEDICINA GENERAL;105.0;21.0
92;2023-01-18;19;5;MEDICINA GENERAL;105.0;21.0
92;2023-01-19;11;5;MEDICINA GENERAL;105.0;21.0
92;2023-01-23;21;5;MEDICINA GENERAL;105.0;21.0
92;2023-01-25;17;5;MEDICINA GENERAL;105.0;21.0
92;2023-01-26;17;5;MEDICINA GENERAL;105.0;21.0
92;2023-01-30;19;5;MEDICINA GENERAL;105.0;21.0
92;2023-02-01;0;5;MEDICINA GENERAL;105.0;21.0
92;2023-02-06;25;5;MEDICINA GENERAL;105.0;21.0
92;2023-02-08;23;5;MEDICINA GENERAL;105.0;21.0
92;2023-02-09;19;5;MEDICINA GENERAL;105.0;21.0
92;2023-02-13;16;5;MEDICINA GENERAL;105.0;21.0
92;2023-02-15;19;5;MEDICINA GENERAL;105.0;21.0
92;2023-02-16;12;5;MEDICINA GENERAL;105.0;21.0
92;2023-02-20;19;5;MEDICINA GENERAL;105.0;21.0
92;2023-02-22;15;5;MEDICINA GENERAL;105.0;21.0
92;2023-02-23;6;5;MEDICINA GENERAL;105.0;21.0
92;2023-02-27;1;5;MEDICINA GENERAL;105.0;21.0
92;2023-03-02;1;5;MEDICINA GENERAL;105.0;21.0
92;2023-03-06;0;5;MEDICINA GENERAL;105.0;21.0
92;2023-03-08;2;5;MEDICINA GENERAL;105.0;21.0
92;2023-03-09;1;5;MEDICINA GENERAL;105.0;21.0
92;2023-03-13;1;5;MEDICINA GENERAL;105.0;21.0
92;2023-03-16;1;5;MEDICINA GENERAL;105.0;21.0
92;2023-04-03;1;5;MEDICINA GENERAL;105.0;21.0
128;2023-01-02;20;10;OTORRINOLARINGOLOGIA;250.0;25.0
128;2023-01-04;21;10;OTORRINOLARINGOLOGIA;250.0;25.0
128;2023-01-18;28;10;OTORRINOLARINGOLOGIA;250.0;25.0
128;2023-01-25;25;10;OTORRINOLARINGOLOGIA;500.0;50.0
128;2023-01-26;18;10;OTORRINOLARINGOLOGIA;180.0;18.0
128;2023-01-30;19;10;OTORRINOLARINGOLOGIA;190.0;19.0
128;2023-02-01;28;10;OTORRINOLARINGOLOGIA;250.0;25.0
128;2023-02-08;27;10;OTORRINOLARINGOLOGIA;210.0;21.0
128;2023-02-15;21;10;OTORRINOLARINGOLOGIA;190.0;19.0
128;2023-02-20;23;10;OTORRINOLARINGOLOGIA;190.0;19.0
128;2023-02-22;32;10;OTORRINOLARINGOLOGIA;250.0;25.0
128;2023-02-24;25;10;OTORRINOLARINGOLOGIA;180.0;18.0
128;2023-03-08;19;10;OTORRINOLARINGOLOGIA;190.0;19.0
128;2023-03-15;19;10;OTORRINOLARINGOLOGIA;190.0;19.0
128;2023-03-21;13;10;OTORRINOLARINGOLOGIA;190.0;19.0
128;2023-03-22;5;10;OTORRINOLARINGOLOGIA;190.0;19.0
128;2023-03-23;1;10;OTORRINOLARINGOLOGIA;180.0;18.0
128;2023-03-24;4;10;OTORRINOLARINGOLOGIA;190.0;19.0
146;2023-01-09;15;10;REUMATOLOGIA;180.0;18.0
146;2023-01-11;19;10;REUMATOLOGIA;240.0;24.0
146;2023-01-16;20;10;REUMATOLOGIA;180.0;18.0
146;2023-01-18;23;10;REUMATOLOGIA;240.0;24.0
146;2023-01-23;14;10;REUMATOLOGIA;180.0;18.0
146;2023-01-25;22;10;REUMATOLOGIA;240.0;24.0
146;2023-01-30;14;10;REUMATOLOGIA;180.0;18.0
146;2023-02-01;24;10;REUMATOLOGIA;240.0;24.0
146;2023-02-06;18;10;REUMATOLOGIA;180.0;18.0
146;2023-02-08;18;10;REUMATOLOGIA;240.0;24.0
146;2023-02-13;18;10;REUMATOLOGIA;180.0;18.0
146;2023-02-15;0;10;REUMATOLOGIA;240.0;24.0
146;2023-02-16;17;10;REUMATOLOGIA;180.0;18.0
146;2023-02-20;21;10;REUMATOLOGIA;180.0;18.0
146;2023-02-22;27;10;REUMATOLOGIA;240.0;24.0
146;2023-02-27;20;10;REUMATOLOGIA;180.0;18.0
146;2023-03-01;27;10;REUMATOLOGIA;240.0;24.0
146;2023-03-06;18;10;REUMATOLOGIA;180.0;18.0
146;2023-03-08;24;10;REUMATOLOGIA;240.0;24.0
146;2023-03-13;18;10;REUMATOLOGIA;180.0;18.0
146;2023-03-15;24;10;REUMATOLOGIA;240.0;24.0
146;2023-03-22;26;10;REUMATOLOGIA;240.0;24.0
146;2023-03-27;18;10;REUMATOLOGIA;180.0;18.0
146;2023-03-29;24;10;REUMATOLOGIA;240.0;24.0
146;2023-04-03;18;10;REUMATOLOGIA;180.0;18.0
146;2023-04-05;24;10;REUMATOLOGIA;240.0;24.0
146;2023-04-10;18;10;REUMATOLOGIA;180.0;18.0
146;2023-04-12;24;10;REUMATOLOGIA;240.0;24.0
146;2023-04-17;12;10;REUMATOLOGIA;180.0;18.0
146;2023-04-19;2;10;REUMATOLOGIA;240.0;24.0
146;2023-04-24;5;10;REUMATOLOGIA;180.0;18.0
146;2023-04-26;6;10;REUMATOLOGIA;240.0;24.0
146;2023-05-03;6;10;REUMATOLOGIA;240.0;24.0
146;2023-05-08;4;10;REUMATOLOGIA;180.0;18.0
146;2023-05-15;2;10;REUMATOLOGIA;180.0;18.0
146;2023-05-17;2;10;REUMATOLOGIA;240.0;24.0
146;2023-05-31;3;10;REUMATOLOGIA;240.0;24.0
146;2023-06-05;4;10;REUMATOLOGIA;180.0;18.0
146;2023-06-07;2;10;REUMATOLOGIA;240.0;24.0
146;2023-07-12;1;10;REUMATOLOGIA;240.0;24.0
146;2023-09-06;1;10;REUMATOLOGIA;240.0;24.0
146;2023-09-11;0;10;REUMATOLOGIA;180.0;18.0
146;2023-11-15;1;10;REUMATOLOGIA;240.0;24.0
146;2023-12-04;0;10;REUMATOLOGIA;180.0;18.0
150;2023-01-02;24;10;GINECOLOGÍA;220.0;22.0
150;2023-01-05;24;10;GINECOLOGÍA;300.0;30.0
150;2023-01-09;20;10;GINECOLOGÍA;220.0;22.0
150;2023-01-12;27;10;GINECOLOGÍA;300.0;30.0
150;2023-01-13;24;10;GINECOLOGÍA;240.0;24.0
150;2023-01-16;16;10;GINECOLOGÍA;220.0;22.0
150;2023-01-19;24;10;GINECOLOGÍA;300.0;30.0
150;2023-01-20;22;10;GINECOLOGÍA;240.0;24.0
150;2023-01-23;23;10;GINECOLOGÍA;220.0;22.0
150;2023-01-26;26;10;GINECOLOGÍA;300.0;30.0
150;2023-01-27;24;10;GINECOLOGÍA;240.0;24.0
150;2023-01-30;17;10;GINECOLOGÍA;220.0;22.0
150;2023-02-01;19;10;GINECOLOGÍA;180.0;18.0
150;2023-02-02;26;10;GINECOLOGÍA;300.0;30.0
150;2023-02-06;19;10;GINECOLOGÍA;220.0;22.0
150;2023-02-09;29;10;GINECOLOGÍA;300.0;30.0
150;2023-02-13;20;10;GINECOLOGÍA;220.0;22.0
150;2023-02-16;31;10;GINECOLOGÍA;300.0;30.0
150;2023-02-17;19;10;GINECOLOGÍA;240.0;24.0
150;2023-02-20;18;10;GINECOLOGÍA;220.0;22.0
150;2023-02-23;30;10;GINECOLOGÍA;300.0;30.0
150;2023-02-24;27;10;GINECOLOGÍA;240.0;24.0
150;2023-02-27;23;10;GINECOLOGÍA;220.0;22.0
150;2023-03-02;0;10;GINECOLOGÍA;300.0;30.0
150;2023-03-06;22;10;GINECOLOGÍA;220.0;22.0
150;2023-03-09;17;10;GINECOLOGÍA;300.0;30.0
150;2023-03-13;9;10;GINECOLOGÍA;220.0;22.0
150;2023-03-16;6;10;GINECOLOGÍA;300.0;30.0
150;2023-03-23;4;10;GINECOLOGÍA;300.0;30.0
150;2023-03-27;2;10;GINECOLOGÍA;220.0;22.0
150;2023-03-30;1;10;GINECOLOGÍA;300.0;30.0
150;2023-04-03;2;10;GINECOLOGÍA;220.0;22.0
150;2023-04-10;1;10;GINECOLOGÍA;220.0;22.0
150;2023-04-13;1;10;GINECOLOGÍA;300.0;30.0
150;2023-04-17;1;10;GINECOLOGÍA;220.0;22.0
150;2023-04-20;1;10;GINECOLOGÍA;300.0;30.0
150;2023-04-24;1;10;GINECOLOGÍA;220.0;22.0
150;2023-04-27;1;10;GINECOLOGÍA;300.0;30.0
150;2023-05-04;2;10;GINECOLOGÍA;300.0;30.0
150;2023-05-08;1;10;GINECOLOGÍA;220.0;22.0
150;2023-05-11;1;10;GINECOLOGÍA;300.0;30.0
150;2023-05-15;1;10;GINECOLOGÍA;220.0;22.0
150;2023-05-18;1;10;GINECOLOGÍA;300.0;30.0
150;2023-05-22;1;10;GINECOLOGÍA;220.0;22.0
150;2023-05-25;1;10;GINECOLOGÍA;300.0;30.0
150;2023-05-29;1;10;GINECOLOGÍA;220.0;22.0
150;2023-06-05;1;10;GINECOLOGÍA;220.0;22.0
150;2023-06-12;1;10;GINECOLOGÍA;220.0;22.0
150;2023-06-19;1;10;GINECOLOGÍA;220.0;22.0
150;2023-06-26;1;10;GINECOLOGÍA;220.0;22.0
150;2023-07-03;1;10;GINECOLOGÍA;220.0;22.0
150;2023-07-10;1;10;GINECOLOGÍA;220.0;22.0
150;2023-07-17;1;10;GINECOLOGÍA;220.0;22.0
150;2023-07-24;1;10;GINECOLOGÍA;220.0;22.0
150;2023-07-31;1;10;GINECOLOGÍA;220.0;22.0
154;2023-01-18;8;15;NEUROLOGIA;90.0;6.0
154;2023-01-25;8;15;NEUROLOGIA;90.0;6.0
154;2023-02-08;8;15;NEUROLOGIA;90.0;6.0
154;2023-02-22;10;15;NEUROLOGIA;90.0;6.0
154;2023-03-10;9;15;NEUROLOGIA;90.0;6.0
154;2023-03-24;8;15;NEUROLOGIA;90.0;6.0
154;2023-04-12;5;15;NEUROLOGIA;90.0;6.0
154;2023-04-24;2;15;NEUROLOGIA;90.0;6.0
168;2023-01-13;11;20;ELECTROMIOGRAFIA;240.0;12.0
168;2023-01-27;4;20;ELECTROMIOGRAFIA;240.0;12.0
168;2023-02-17;7;20;ELECTROMIOGRAFIA;240.0;12.0
168;2023-02-24;1;20;ELECTROMIOGRAFIA;240.0;12.0
221;2023-01-03;0;15;CARDIOLOGIA ;420.0;28.0
221;2023-01-10;26;15;CARDIOLOGIA ;420.0;28.0
221;2023-01-12;26;15;CARDIOLOGIA ;435.0;29.0
221;2023-01-17;29;15;CARDIOLOGIA ;420.0;28.0
221;2023-01-19;30;15;CARDIOLOGIA ;435.0;29.0
221;2023-01-24;0;15;CARDIOLOGIA ;420.0;28.0
221;2023-01-26;0;15;CARDIOLOGIA ;435.0;29.0
221;2023-01-31;27;15;CARDIOLOGIA ;420.0;28.0
221;2023-02-02;29;15;CARDIOLOGIA ;435.0;29.0
221;2023-02-07;25;15;CARDIOLOGIA ;420.0;28.0
221;2023-02-09;28;15;CARDIOLOGIA ;435.0;29.0
221;2023-02-14;16;15;CARDIOLOGIA ;420.0;28.0
221;2023-02-16;23;15;CARDIOLOGIA ;435.0;29.0
221;2023-02-21;16;15;CARDIOLOGIA ;420.0;28.0
221;2023-02-23;29;15;CARDIOLOGIA ;435.0;29.0
221;2023-02-28;12;15;CARDIOLOGIA ;420.0;28.0
221;2023-03-02;12;15;CARDIOLOGIA ;435.0;29.0
221;2023-03-07;3;15;CARDIOLOGIA ;420.0;28.0
221;2023-03-09;5;15;CARDIOLOGIA ;435.0;29.0
221;2023-03-14;1;15;CARDIOLOGIA ;420.0;28.0
221;2023-03-16;5;15;CARDIOLOGIA ;435.0;29.0
221;2023-03-21;1;15;CARDIOLOGIA ;420.0;28.0
221;2023-03-30;1;15;CARDIOLOGIA ;435.0;29.0
221;2023-04-18;1;15;CARDIOLOGIA ;420.0;28.0
221;2023-04-25;1;15;CARDIOLOGIA ;420.0;28.0
221;2023-04-27;0;15;CARDIOLOGIA ;435.0;29.0
221;2023-05-02;1;15;CARDIOLOGIA ;420.0;28.0
221;2023-06-22;0;15;CARDIOLOGIA ;435.0;29.0
256;2023-01-02;9;10;CIRUGIA VASCULAR;160.0;16.0
256;2023-01-09;12;10;CIRUGIA VASCULAR;160.0;16.0
256;2023-01-16;12;10;CIRUGIA VASCULAR;160.0;16.0
256;2023-01-23;9;10;CIRUGIA VASCULAR;160.0;16.0
256;2023-01-30;12;10;CIRUGIA VASCULAR;160.0;16.0
256;2023-02-06;8;10;CIRUGIA VASCULAR;160.0;16.0
256;2023-02-13;7;10;CIRUGIA VASCULAR;160.0;16.0
256;2023-02-20;11;10;CIRUGIA VASCULAR;160.0;16.0
256;2023-02-27;4;10;CIRUGIA VASCULAR;160.0;16.0
256;2023-03-06;2;10;CIRUGIA VASCULAR;160.0;16.0
256;2023-03-13;2;10;CIRUGIA VASCULAR;160.0;16.0
256;2023-03-27;1;10;CIRUGIA VASCULAR;160.0;16.0
261;2023-01-13;12;10;GINECOLOGÍA;170.0;17.0
261;2023-01-20;16;10;GINECOLOGÍA;170.0;17.0
261;2023-01-27;16;10;GINECOLOGÍA;170.0;17.0
261;2023-02-03;16;10;GINECOLOGÍA;170.0;17.0
261;2023-02-10;12;10;GINECOLOGÍA;170.0;17.0
261;2023-02-17;15;10;GINECOLOGÍA;170.0;17.0
261;2023-02-24;16;10;GINECOLOGÍA;170.0;17.0
261;2023-03-03;7;10;GINECOLOGÍA;170.0;17.0
261;2023-03-10;3;10;GINECOLOGÍA;170.0;17.0
266;2023-01-09;23;8;UROLOGIA;210.0;26.25
266;2023-01-16;23;8;UROLOGIA;210.0;26.25
266;2023-01-28;20;8;UROLOGIA;210.0;26.25
266;2023-01-30;22;8;UROLOGIA;210.0;26.25
266;2023-02-06;28;8;UROLOGIA;210.0;26.25
266;2023-02-13;22;8;UROLOGIA;210.0;26.25
266;2023-02-18;15;8;UROLOGIA;210.0;26.25
266;2023-02-20;26;8;UROLOGIA;210.0;26.25
266;2023-02-27;27;8;UROLOGIA;210.0;26.25
266;2023-03-06;24;8;UROLOGIA;210.0;26.25
266;2023-03-13;11;8;UROLOGIA;210.0;26.25
266;2023-03-18;11;8;UROLOGIA;210.0;26.25
266;2023-03-27;7;8;UROLOGIA;450.0;56.25
270;2023-01-02;0;10;GINECOLOGÍA;250.0;25.0
270;2023-01-03;0;10;GINECOLOGÍA;250.0;25.0
270;2023-01-09;26;10;GINECOLOGÍA;250.0;25.0
270;2023-01-10;25;10;GINECOLOGÍA;250.0;25.0
270;2023-01-11;55;10;GINECOLOGÍA;500.0;50.0
270;2023-01-16;22;10;GINECOLOGÍA;250.0;25.0
270;2023-01-17;20;10;GINECOLOGÍA;250.0;25.0
270;2023-01-18;51;10;GINECOLOGÍA;500.0;50.0
270;2023-01-23;25;10;GINECOLOGÍA;250.0;25.0
270;2023-01-24;29;10;GINECOLOGÍA;250.0;25.0
270;2023-01-25;34;10;GINECOLOGÍA;500.0;50.0
270;2023-01-30;23;10;GINECOLOGÍA;250.0;25.0
270;2023-01-31;20;10;GINECOLOGÍA;250.0;25.0
270;2023-02-01;40;10;GINECOLOGÍA;500.0;50.0
270;2023-02-06;21;10;GINECOLOGÍA;250.0;25.0
270;2023-02-07;21;10;GINECOLOGÍA;250.0;25.0
270;2023-02-08;46;10;GINECOLOGÍA;500.0;50.0
270;2023-02-13;25;10;GINECOLOGÍA;250.0;25.0
270;2023-02-14;22;10;GINECOLOGÍA;250.0;25.0
270;2023-02-15;47;10;GINECOLOGÍA;500.0;50.0
270;2023-02-20;21;10;GINECOLOGÍA;250.0;25.0
270;2023-02-21;23;10;GINECOLOGÍA;250.0;25.0
270;2023-02-22;41;10;GINECOLOGÍA;500.0;50.0
270;2023-02-27;21;10;GINECOLOGÍA;250.0;25.0
270;2023-02-28;13;10;GINECOLOGÍA;250.0;25.0
270;2023-03-01;40;10;GINECOLOGÍA;500.0;50.0
270;2023-03-06;9;10;GINECOLOGÍA;250.0;25.0
270;2023-03-07;7;10;GINECOLOGÍA;250.0;25.0
270;2023-03-08;35;10;GINECOLOGÍA;500.0;50.0
270;2023-03-13;4;10;GINECOLOGÍA;250.0;25.0
270;2023-03-14;3;10;GINECOLOGÍA;250.0;25.0
270;2023-03-15;7;10;GINECOLOGÍA;500.0;50.0
270;2023-03-21;4;10;GINECOLOGÍA;250.0;25.0
270;2023-03-22;5;10;GINECOLOGÍA;500.0;50.0
270;2023-03-27;4;10;GINECOLOGÍA;250.0;25.0
270;2023-03-28;3;10;GINECOLOGÍA;250.0;25.0
270;2023-03-29;4;10;GINECOLOGÍA;500.0;50.0
270;2023-04-03;1;10;GINECOLOGÍA;250.0;25.0
270;2023-04-04;1;10;GINECOLOGÍA;250.0;25.0
270;2023-04-10;1;10;GINECOLOGÍA;250.0;25.0
270;2023-04-12;1;10;GINECOLOGÍA;500.0;50.0
270;2023-04-17;2;10;GINECOLOGÍA;250.0;25.0
270;2023-04-24;1;10;GINECOLOGÍA;250.0;25.0
270;2023-05-08;1;10;GINECOLOGÍA;250.0;25.0
270;2023-05-22;1;10;GINECOLOGÍA;250.0;25.0
270;2023-06-14;1;10;GINECOLOGÍA;500.0;50.0
270;2023-11-13;0;10;GINECOLOGÍA;250.0;25.0
270;2023-12-26;0;10;GINECOLOGÍA;250.0;25.0
278;2023-01-05;1;10;MEDICINA GENERAL;60.0;6.0
278;2023-01-09;2;10;MEDICINA GENERAL;160.0;16.0
278;2023-01-10;42;10;MEDICINA GENERAL;300.0;30.0
278;2023-01-11;42;10;MEDICINA GENERAL;240.0;24.0
278;2023-01-12;13;10;MEDICINA GENERAL;60.0;6.0
278;2023-01-13;22;10;MEDICINA GENERAL;280.0;28.0
278;2023-01-14;40;10;MEDICINA GENERAL;205.58139534883722;20.558139534883722
278;2023-01-15;18;10;MEDICINA GENERAL;205.58139534883722;20.558139534883722
278;2023-01-16;45;10;MEDICINA GENERAL;160.0;16.0
278;2023-01-17;40;10;MEDICINA GENERAL;300.0;30.0
278;2023-01-18;31;10;MEDICINA GENERAL;240.0;24.0
278;2023-01-19;12;10;MEDICINA GENERAL;60.0;6.0
278;2023-01-20;23;10;MEDICINA GENERAL;280.0;28.0
278;2023-01-23;43;10;MEDICINA GENERAL;160.0;16.0
278;2023-01-24;32;10;MEDICINA GENERAL;300.0;30.0
278;2023-01-25;30;10;MEDICINA GENERAL;240.0;24.0
278;2023-01-26;33;10;MEDICINA GENERAL;60.0;6.0
278;2023-01-27;21;10;MEDICINA GENERAL;280.0;28.0
278;2023-01-30;31;10;MEDICINA GENERAL;160.0;16.0
278;2023-01-31;43;10;MEDICINA GENERAL;300.0;30.0
278;2023-02-01;36;10;MEDICINA GENERAL;240.0;24.0
278;2023-02-02;9;10;MEDICINA GENERAL;60.0;6.0
278;2023-02-03;30;10;MEDICINA GENERAL;280.0;28.0
278;2023-02-04;26;10;MEDICINA GENERAL;205.58139534883722;20.558139534883722
278;2023-02-06;30;10;MEDICINA GENERAL;160.0;16.0
278;2023-02-07;42;10;MEDICINA GENERAL;300.0;30.0
278;2023-02-08;28;10;MEDICINA GENERAL;240.0;24.0
278;2023-02-09;7;10;MEDICINA GENERAL;60.0;6.0
278;2023-02-10;22;10;MEDICINA GENERAL;280.0;28.0
278;2023-02-11;36;10;MEDICINA GENERAL;205.58139534883722;20.558139534883722
278;2023-02-13;27;10;MEDICINA GENERAL;160.0;16.0
278;2023-02-14;39;10;MEDICINA GENERAL;300.0;30.0
278;2023-02-15;34;10;MEDICINA GENERAL;240.0;24.0
278;2023-02-16;14;10;MEDICINA GENERAL;60.0;6.0
278;2023-02-17;14;10;MEDICINA GENERAL;280.0;28.0
278;2023-02-20;19;10;MEDICINA GENERAL;160.0;16.0
278;2023-02-21;34;10;MEDICINA GENERAL;300.0;30.0
278;2023-02-22;10;10;MEDICINA GENERAL;240.0;24.0
278;2023-02-23;3;10;MEDICINA GENERAL;60.0;6.0
278;2023-02-24;5;10;MEDICINA GENERAL;280.0;28.0
278;2023-02-27;3;10;MEDICINA GENERAL;160.0;16.0
278;2023-02-28;2;10;MEDICINA GENERAL;300.0;30.0
278;2023-03-02;2;10;MEDICINA GENERAL;60.0;6.0
278;2023-03-03;1;10;MEDICINA GENERAL;280.0;28.0
278;2023-03-06;2;10;MEDICINA GENERAL;160.0;16.0
278;2023-03-08;1;10;MEDICINA GENERAL;240.0;24.0
278;2023-04-04;1;10;MEDICINA GENERAL;300.0;30.0
279;2023-01-02;12;30;PODOLOGIA;570.0;19.0
279;2023-01-07;5;30;PODOLOGIA;210.0;7.0
279;2023-01-09;15;30;PODOLOGIA;570.0;19.0
279;2023-01-13;18;30;PODOLOGIA;570.0;19.0
279;2023-01-14;7;30;PODOLOGIA;210.0;7.0
279;2023-01-16;17;30;PODOLOGIA;570.0;19.0
279;2023-01-20;18;30;PODOLOGIA;570.0;19.0
279;2023-01-21;1;30;PODOLOGIA;210.0;7.0
279;2023-01-23;13;30;PODOLOGIA;570.0;19.0
279;2023-01-27;20;30;PODOLOGIA;570.0;19.0
279;2023-01-28;8;30;PODOLOGIA;210.0;7.0
279;2023-01-30;12;30;PODOLOGIA;570.0;19.0
279;2023-02-03;15;30;PODOLOGIA;570.0;19.0
279;2023-02-04;6;30;PODOLOGIA;210.0;7.0
279;2023-02-06;16;30;PODOLOGIA;570.0;19.0
279;2023-02-10;13;30;PODOLOGIA;570.0;19.0
279;2023-02-11;9;30;PODOLOGIA;210.0;7.0
279;2023-02-13;12;30;PODOLOGIA;570.0;19.0
279;2023-02-17;16;30;PODOLOGIA;570.0;19.0
279;2023-02-18;7;30;PODOLOGIA;210.0;7.0
279;2023-02-20;21;30;PODOLOGIA;570.0;19.0
279;2023-02-24;11;30;PODOLOGIA;570.0;19.0
279;2023-02-27;8;30;PODOLOGIA;570.0;19.0
279;2023-03-03;4;30;PODOLOGIA;570.0;19.0
279;2023-03-04;2;30;PODOLOGIA;210.0;7.0
279;2023-03-06;2;30;PODOLOGIA;570.0;19.0
279;2023-03-10;1;30;PODOLOGIA;570.0;19.0
279;2023-03-24;3;30;PODOLOGIA;570.0;19.0
279;2023-03-27;1;30;PODOLOGIA;570.0;19.0
279;2023-03-31;2;30;PODOLOGIA;570.0;19.0
279;2023-04-15;2;30;PODOLOGIA;210.0;7.0
279;2023-04-24;1;30;PODOLOGIA;570.0;19.0
279;2023-04-28;1;30;PODOLOGIA;570.0;19.0
279;2023-05-08;1;30;PODOLOGIA;570.0;19.0
284;2023-01-04;28;10;APARATO DIGESTIVO;390.0;39.0
284;2023-01-11;36;10;APARATO DIGESTIVO;390.0;39.0
284;2023-01-18;29;10;APARATO DIGESTIVO;390.0;39.0
284;2023-01-25;40;10;APARATO DIGESTIVO;390.0;39.0
284;2023-02-01;38;10;APARATO DIGESTIVO;390.0;39.0
284;2023-02-08;1;10;APARATO DIGESTIVO;390.0;39.0
284;2023-02-15;31;10;APARATO DIGESTIVO;390.0;39.0
284;2023-02-22;54;10;APARATO DIGESTIVO;390.0;39.0
284;2023-03-01;51;10;APARATO DIGESTIVO;390.0;39.0
284;2023-03-08;46;10;APARATO DIGESTIVO;390.0;39.0
284;2023-03-15;41;10;APARATO DIGESTIVO;390.0;39.0
284;2023-03-22;44;10;APARATO DIGESTIVO;390.0;39.0
284;2023-03-29;40;10;APARATO DIGESTIVO;390.0;39.0
284;2023-04-05;0;10;APARATO DIGESTIVO;390.0;39.0
284;2023-04-12;39;10;APARATO DIGESTIVO;390.0;39.0
284;2023-04-19;22;10;APARATO DIGESTIVO;390.0;39.0
284;2023-04-26;2;10;APARATO DIGESTIVO;390.0;39.0
284;2023-05-10;1;10;APARATO DIGESTIVO;390.0;39.0
284;2023-05-17;2;10;APARATO DIGESTIVO;390.0;39.0
284;2023-06-21;1;10;APARATO DIGESTIVO;390.0;39.0
284;2023-07-05;1;10;APARATO DIGESTIVO;390.0;39.0
284;2023-09-06;0;10;APARATO DIGESTIVO;390.0;39.0
284;2023-12-13;0;10;APARATO DIGESTIVO;390.0;39.0
287;2023-01-12;4;30;OTORRINOLARINGOLOGIA;240.0;8.0
287;2023-01-19;3;30;OTORRINOLARINGOLOGIA;240.0;8.0
287;2023-01-26;1;30;OTORRINOLARINGOLOGIA;240.0;8.0
287;2023-02-02;2;30;OTORRINOLARINGOLOGIA;240.0;8.0
287;2023-02-09;3;30;OTORRINOLARINGOLOGIA;240.0;8.0
287;2023-02-16;3;30;OTORRINOLARINGOLOGIA;240.0;8.0
292;2023-01-10;7;20;CARDIOLOGIA ;210.0;10.5
292;2023-01-12;15;20;CARDIOLOGIA ;390.0;19.5
292;2023-01-17;10;20;CARDIOLOGIA ;210.0;10.5
292;2023-01-19;15;20;CARDIOLOGIA ;390.0;19.5
292;2023-01-24;0;20;CARDIOLOGIA ;210.0;10.5
292;2023-01-26;0;20;CARDIOLOGIA ;390.0;19.5
292;2023-01-31;10;20;CARDIOLOGIA ;210.0;10.5
292;2023-02-02;14;20;CARDIOLOGIA ;390.0;19.5
292;2023-02-07;6;20;CARDIOLOGIA ;210.0;10.5
292;2023-02-09;14;20;CARDIOLOGIA ;390.0;19.5
292;2023-02-14;10;20;CARDIOLOGIA ;210.0;10.5
292;2023-02-16;9;20;CARDIOLOGIA ;390.0;19.5
292;2023-02-21;7;20;CARDIOLOGIA ;210.0;10.5
292;2023-02-23;15;20;CARDIOLOGIA ;390.0;19.5
292;2023-02-28;9;20;CARDIOLOGIA ;210.0;10.5
292;2023-03-02;8;20;CARDIOLOGIA ;390.0;19.5
292;2023-03-07;2;20;CARDIOLOGIA ;210.0;10.5
292;2023-03-09;1;20;CARDIOLOGIA ;390.0;19.5
296;2023-01-02;0;10;CARDIOLOGIA ;170.0;17.0
296;2023-01-09;15;10;CARDIOLOGIA ;170.0;17.0
296;2023-01-16;0;10;CARDIOLOGIA ;170.0;17.0
296;2023-01-23;13;10;CARDIOLOGIA ;170.0;17.0
296;2023-01-30;7;10;CARDIOLOGIA ;170.0;17.0
296;2023-02-06;6;10;CARDIOLOGIA ;170.0;17.0
296;2023-02-13;13;10;CARDIOLOGIA ;170.0;17.0
296;2023-02-20;6;10;CARDIOLOGIA ;170.0;17.0
296;2023-02-27;1;10;CARDIOLOGIA ;170.0;17.0
296;2023-03-06;11;10;CARDIOLOGIA ;170.0;17.0
296;2023-03-13;2;10;CARDIOLOGIA ;170.0;17.0
296;2023-03-27;1;10;CARDIOLOGIA ;170.0;17.0
300;2023-01-12;2;15;PSICOLOGÍA;180.0;12.0
300;2023-01-26;2;15;PSICOLOGÍA;180.0;12.0
300;2023-02-02;2;15;PSICOLOGÍA;180.0;12.0
300;2023-02-23;4;15;PSICOLOGÍA;180.0;12.0
300;2023-03-09;3;15;PSICOLOGÍA;180.0;12.0
301;2023-02-07;0;8;TRAUMATOLOGIA;228.33537331701345;28.54192166462668
301;2023-03-21;0;8;TRAUMATOLOGIA;228.33537331701345;28.54192166462668
320;2023-01-02;14;10;REHABILITACION;210.0;21.0
320;2023-01-09;18;10;REHABILITACION;210.0;21.0
320;2023-01-16;15;10;REHABILITACION;210.0;21.0
320;2023-01-17;9;10;REHABILITACION;100.0;10.0
320;2023-01-23;2;10;REHABILITACION;210.0;21.0
320;2023-01-30;18;10;REHABILITACION;210.0;21.0
320;2023-02-06;17;10;REHABILITACION;210.0;21.0
320;2023-02-13;19;10;REHABILITACION;210.0;21.0
320;2023-02-20;16;10;REHABILITACION;210.0;21.0
320;2023-02-27;21;10;REHABILITACION;210.0;21.0
320;2023-03-06;11;10;REHABILITACION;210.0;21.0
320;2023-03-13;7;10;REHABILITACION;210.0;21.0
320;2023-03-27;8;10;REHABILITACION;210.0;21.0
320;2023-04-03;6;10;REHABILITACION;210.0;21.0
348;2023-01-03;30;15;ENDOCRINOLOGIA;225.0;15.0
348;2023-01-04;27;15;ENDOCRINOLOGIA;225.0;15.0
348;2023-01-11;21;15;ENDOCRINOLOGIA;225.0;15.0
348;2023-01-18;28;15;ENDOCRINOLOGIA;225.0;15.0
348;2023-01-25;29;15;ENDOCRINOLOGIA;225.0;15.0
348;2023-02-01;33;15;ENDOCRINOLOGIA;225.0;15.0
348;2023-02-08;33;15;ENDOCRINOLOGIA;225.0;15.0
348;2023-02-15;28;15;ENDOCRINOLOGIA;225.0;15.0
348;2023-02-22;36;15;ENDOCRINOLOGIA;225.0;15.0
348;2023-03-01;45;15;ENDOCRINOLOGIA;225.0;15.0
348;2023-03-08;39;15;ENDOCRINOLOGIA;225.0;15.0
348;2023-03-15;39;15;ENDOCRINOLOGIA;225.0;15.0
348;2023-03-22;39;15;ENDOCRINOLOGIA;225.0;15.0
348;2023-03-29;38;15;ENDOCRINOLOGIA;225.0;15.0
348;2023-04-05;38;15;ENDOCRINOLOGIA;225.0;15.0
348;2023-04-12;39;15;ENDOCRINOLOGIA;225.0;15.0
348;2023-04-19;38;15;ENDOCRINOLOGIA;225.0;15.0
348;2023-04-26;37;15;ENDOCRINOLOGIA;225.0;15.0
348;2023-05-03;31;15;ENDOCRINOLOGIA;225.0;15.0
348;2023-05-10;29;15;ENDOCRINOLOGIA;225.0;15.0
348;2023-05-17;21;15;ENDOCRINOLOGIA;225.0;15.0
348;2023-05-24;18;15;ENDOCRINOLOGIA;225.0;15.0
348;2023-05-31;19;15;ENDOCRINOLOGIA;225.0;15.0
348;2023-06-07;26;15;ENDOCRINOLOGIA;225.0;15.0
348;2023-06-14;29;15;ENDOCRINOLOGIA;225.0;15.0
348;2023-06-21;21;15;ENDOCRINOLOGIA;225.0;15.0
348;2023-06-28;20;15;ENDOCRINOLOGIA;225.0;15.0
348;2023-07-05;18;15;ENDOCRINOLOGIA;225.0;15.0
348;2023-07-12;15;15;ENDOCRINOLOGIA;225.0;15.0
348;2023-09-06;0;15;ENDOCRINOLOGIA;225.0;15.0
348;2023-09-20;7;15;ENDOCRINOLOGIA;225.0;15.0
348;2023-09-27;1;15;ENDOCRINOLOGIA;225.0;15.0
348;2023-10-04;1;15;ENDOCRINOLOGIA;225.0;15.0
348;2023-10-18;2;15;ENDOCRINOLOGIA;225.0;15.0
348;2023-11-08;1;15;ENDOCRINOLOGIA;225.0;15.0
351;2023-01-10;2;30;GINECOLOGÍA;90.0;3.0
351;2023-01-17;1;30;GINECOLOGÍA;90.0;3.0
351;2023-01-31;1;30;GINECOLOGÍA;90.0;3.0
351;2023-02-07;2;30;GINECOLOGÍA;90.0;3.0
351;2023-02-14;2;30;GINECOLOGÍA;90.0;3.0
351;2023-02-21;3;30;GINECOLOGÍA;90.0;3.0
351;2023-03-07;1;30;GINECOLOGÍA;90.0;3.0
351;2023-03-14;2;30;GINECOLOGÍA;90.0;3.0
356;2023-01-04;36;6;TRAUMATOLOGIA;210.0;35.0
356;2023-01-11;35;6;TRAUMATOLOGIA;210.0;35.0
356;2023-01-13;28;6;TRAUMATOLOGIA;180.0;30.0
356;2023-01-18;35;6;TRAUMATOLOGIA;210.0;35.0
356;2023-01-20;0;6;TRAUMATOLOGIA;208.42105263157896;34.73684210526316
356;2023-01-25;41;6;TRAUMATOLOGIA;210.0;35.0
356;2023-02-01;37;6;TRAUMATOLOGIA;210.0;35.0
356;2023-02-06;37;6;TRAUMATOLOGIA;210.0;35.0
356;2023-02-08;0;6;TRAUMATOLOGIA;210.0;35.0
356;2023-02-10;35;6;TRAUMATOLOGIA;210.0;35.0
356;2023-02-15;0;6;TRAUMATOLOGIA;210.0;35.0
356;2023-02-22;48;6;TRAUMATOLOGIA;210.0;35.0
356;2023-03-01;39;6;TRAUMATOLOGIA;210.0;35.0
356;2023-03-08;35;6;TRAUMATOLOGIA;210.0;35.0
356;2023-03-13;36;6;TRAUMATOLOGIA;210.0;35.0
356;2023-03-22;15;6;TRAUMATOLOGIA;210.0;35.0
356;2023-03-29;1;6;TRAUMATOLOGIA;210.0;35.0
356;2023-04-12;1;6;TRAUMATOLOGIA;210.0;35.0
358;2023-01-05;6;12;Urología/salud sexual y reproductiva/andrología;180.0;15.0
358;2023-01-12;12;12;Urología/salud sexual y reproductiva/andrología;180.0;15.0
358;2023-03-02;14;12;Urología/salud sexual y reproductiva/andrología;180.0;15.0
358;2023-03-23;1;12;Urología/salud sexual y reproductiva/andrología;180.0;15.0
358;2023-04-20;1;12;Urología/salud sexual y reproductiva/andrología;180.0;15.0
360;2023-01-18;0;45;PSICOLOGÍA;225.0;5.0
360;2023-02-07;4;45;PSICOLOGÍA;225.0;5.0
360;2023-02-14;1;45;PSICOLOGÍA;225.0;5.0
360;2023-02-28;1;45;PSICOLOGÍA;225.0;5.0
360;2023-03-07;3;45;PSICOLOGÍA;225.0;5.0
362;2023-01-03;13;12;NEUROLOGIA;240.0;20.0
362;2023-01-10;17;12;NEUROLOGIA;240.0;20.0
362;2023-01-17;15;12;NEUROLOGIA;240.0;20.0
362;2023-01-24;18;12;NEUROLOGIA;240.0;20.0
362;2023-01-31;21;12;NEUROLOGIA;240.0;20.0
362;2023-02-14;20;12;NEUROLOGIA;240.0;20.0
362;2023-02-21;23;12;NEUROLOGIA;240.0;20.0
362;2023-02-28;20;12;NEUROLOGIA;240.0;20.0
362;2023-03-07;20;12;NEUROLOGIA;240.0;20.0
362;2023-03-14;19;12;NEUROLOGIA;240.0;20.0
362;2023-03-21;12;12;NEUROLOGIA;240.0;20.0
362;2023-03-28;2;12;NEUROLOGIA;240.0;20.0
364;2023-01-10;23;10;GINECOLOGÍA;190.0;19.0
364;2023-01-17;16;10;GINECOLOGÍA;190.0;19.0
364;2023-01-24;21;10;GINECOLOGÍA;190.0;19.0
364;2023-01-31;18;10;GINECOLOGÍA;190.0;19.0
364;2023-02-07;20;10;GINECOLOGÍA;190.0;19.0
364;2023-02-14;24;10;GINECOLOGÍA;190.0;19.0
364;2023-02-28;25;10;GINECOLOGÍA;190.0;19.0
364;2023-03-07;2;10;GINECOLOGÍA;190.0;19.0
364;2023-03-14;26;10;GINECOLOGÍA;190.0;19.0
364;2023-03-21;1;10;GINECOLOGÍA;190.0;19.0
364;2023-03-22;19;10;GINECOLOGÍA;190.0;19.0
364;2023-03-28;20;10;GINECOLOGÍA;190.0;19.0
364;2023-04-11;5;10;GINECOLOGÍA;190.0;19.0
364;2023-04-18;1;10;GINECOLOGÍA;190.0;19.0
364;2023-04-25;2;10;GINECOLOGÍA;190.0;19.0
364;2023-05-09;1;10;GINECOLOGÍA;190.0;19.0
364;2023-05-16;1;10;GINECOLOGÍA;190.0;19.0
364;2023-05-23;1;10;GINECOLOGÍA;190.0;19.0
364;2023-05-30;1;10;GINECOLOGÍA;190.0;19.0
364;2023-06-06;1;10;GINECOLOGÍA;190.0;19.0
364;2023-06-13;1;10;GINECOLOGÍA;190.0;19.0
364;2023-06-20;1;10;GINECOLOGÍA;190.0;19.0
364;2023-06-27;1;10;GINECOLOGÍA;190.0;19.0
364;2023-07-04;1;10;GINECOLOGÍA;190.0;19.0
364;2023-07-11;1;10;GINECOLOGÍA;190.0;19.0
364;2023-07-18;1;10;GINECOLOGÍA;190.0;19.0
364;2023-07-25;1;10;GINECOLOGÍA;190.0;19.0
364;2023-08-01;1;10;GINECOLOGÍA;190.0;19.0
364;2023-08-08;1;10;GINECOLOGÍA;190.0;19.0
364;2023-08-22;1;10;GINECOLOGÍA;190.0;19.0
364;2023-08-29;1;10;GINECOLOGÍA;190.0;19.0
364;2023-09-05;1;10;GINECOLOGÍA;190.0;19.0
364;2023-09-12;1;10;GINECOLOGÍA;190.0;19.0
364;2023-09-19;1;10;GINECOLOGÍA;190.0;19.0
364;2023-09-26;1;10;GINECOLOGÍA;190.0;19.0
364;2023-10-03;1;10;GINECOLOGÍA;190.0;19.0
364;2023-10-10;1;10;GINECOLOGÍA;190.0;19.0
364;2023-10-17;1;10;GINECOLOGÍA;190.0;19.0
364;2023-10-24;1;10;GINECOLOGÍA;190.0;19.0
364;2023-10-31;1;10;GINECOLOGÍA;190.0;19.0
364;2023-11-07;1;10;GINECOLOGÍA;190.0;19.0
364;2023-11-14;1;10;GINECOLOGÍA;190.0;19.0
364;2023-11-21;1;10;GINECOLOGÍA;190.0;19.0
364;2023-11-28;1;10;GINECOLOGÍA;190.0;19.0
364;2023-12-05;1;10;GINECOLOGÍA;190.0;19.0
364;2023-12-12;1;10;GINECOLOGÍA;190.0;19.0
364;2023-12-19;1;10;GINECOLOGÍA;190.0;19.0
364;2023-12-26;1;10;GINECOLOGÍA;190.0;19.0
367;2023-01-02;1;15;CARDIOLOGIA ;300.0;20.0
367;2023-01-04;1;15;CARDIOLOGIA ;300.0;20.0
367;2023-01-11;1;15;CARDIOLOGIA ;300.0;20.0
367;2023-01-16;1;15;CARDIOLOGIA ;300.0;20.0
367;2023-01-18;2;15;CARDIOLOGIA ;300.0;20.0
367;2023-01-19;1;15;CARDIOLOGIA ;300.0;20.0
367;2023-01-20;2;15;CARDIOLOGIA ;300.0;20.0
367;2023-01-27;1;15;CARDIOLOGIA ;300.0;20.0
367;2023-01-30;2;15;CARDIOLOGIA ;300.0;20.0
367;2023-01-31;1;15;CARDIOLOGIA ;300.0;20.0
367;2023-02-02;1;15;CARDIOLOGIA ;300.0;20.0
367;2023-02-03;1;15;CARDIOLOGIA ;300.0;20.0
367;2023-02-06;3;15;CARDIOLOGIA ;300.0;20.0
367;2023-02-08;3;15;CARDIOLOGIA ;300.0;20.0
367;2023-02-15;2;15;CARDIOLOGIA ;300.0;20.0
367;2023-02-17;1;15;CARDIOLOGIA ;300.0;20.0
367;2023-02-22;2;15;CARDIOLOGIA ;300.0;20.0
372;2023-01-12;14;10;ALERGOLOGÍA;250.0;25.0
372;2023-01-19;14;10;ALERGOLOGÍA;250.0;25.0
372;2023-01-26;7;10;ALERGOLOGÍA;250.0;25.0
372;2023-02-02;7;10;ALERGOLOGÍA;250.0;25.0
372;2023-02-09;18;10;ALERGOLOGÍA;250.0;25.0
372;2023-02-16;15;10;ALERGOLOGÍA;250.0;25.0
372;2023-02-23;21;10;ALERGOLOGÍA;250.0;25.0
372;2023-03-02;12;10;ALERGOLOGÍA;250.0;25.0
372;2023-03-09;6;10;ALERGOLOGÍA;250.0;25.0
372;2023-03-16;4;10;ALERGOLOGÍA;250.0;25.0
372;2023-03-23;3;10;ALERGOLOGÍA;250.0;25.0
381;2023-01-03;0;20;NUTRICION;300.0;15.0
381;2023-01-04;7;20;NUTRICION;460.0;23.0
381;2023-01-10;7;20;NUTRICION;300.0;15.0
381;2023-01-11;12;20;NUTRICION;460.0;23.0
381;2023-01-12;6;20;NUTRICION;300.0;15.0
381;2023-01-17;2;20;NUTRICION;300.0;15.0
381;2023-01-18;13;20;NUTRICION;460.0;23.0
381;2023-01-19;7;20;NUTRICION;300.0;15.0
381;2023-01-24;8;20;NUTRICION;300.0;15.0
381;2023-01-25;11;20;NUTRICION;460.0;23.0
381;2023-01-26;9;20;NUTRICION;300.0;15.0
381;2023-01-31;5;20;NUTRICION;300.0;15.0
381;2023-02-01;10;20;NUTRICION;460.0;23.0
381;2023-02-02;8;20;NUTRICION;300.0;15.0
381;2023-02-07;7;20;NUTRICION;300.0;15.0
381;2023-02-08;14;20;NUTRICION;460.0;23.0
381;2023-02-09;9;20;NUTRICION;300.0;15.0
381;2023-02-14;7;20;NUTRICION;300.0;15.0
381;2023-02-15;9;20;NUTRICION;460.0;23.0
381;2023-02-16;7;20;NUTRICION;300.0;15.0
381;2023-02-21;6;20;NUTRICION;300.0;15.0
381;2023-02-22;16;20;NUTRICION;460.0;23.0
381;2023-02-23;10;20;NUTRICION;300.0;15.0
381;2023-02-28;6;20;NUTRICION;300.0;15.0
381;2023-03-01;11;20;NUTRICION;460.0;23.0
381;2023-03-02;9;20;NUTRICION;300.0;15.0
381;2023-03-07;6;20;NUTRICION;300.0;15.0
381;2023-03-08;3;20;NUTRICION;460.0;23.0
381;2023-03-09;6;20;NUTRICION;300.0;15.0
381;2023-03-14;1;20;NUTRICION;300.0;15.0
381;2023-03-15;1;20;NUTRICION;460.0;23.0
381;2023-03-16;2;20;NUTRICION;300.0;15.0
381;2023-03-22;1;20;NUTRICION;460.0;23.0
381;2023-03-23;1;20;NUTRICION;300.0;15.0
381;2023-03-28;1;20;NUTRICION;300.0;15.0
381;2023-04-13;1;20;NUTRICION;300.0;15.0
381;2023-04-18;1;20;NUTRICION;300.0;15.0
381;2023-09-21;0;20;NUTRICION;300.0;15.0
426;2023-01-02;40;10;MEDICINA GENERAL;420.0;42.0
426;2023-01-03;39;10;MEDICINA GENERAL;420.0;42.0
426;2023-01-04;40;10;MEDICINA GENERAL;420.0;42.0
426;2023-01-05;31;10;MEDICINA GENERAL;540.0;54.0
426;2023-01-06;5;10;MEDICINA GENERAL;420.0;42.0
426;2023-01-07;20;10;MEDICINA GENERAL;443.52941176470586;44.35294117647059
426;2023-01-08;7;10;MEDICINA GENERAL;443.52941176470586;44.35294117647059
426;2023-01-09;45;10;MEDICINA GENERAL;420.0;42.0
426;2023-01-10;42;10;MEDICINA GENERAL;420.0;42.0
426;2023-01-11;47;10;MEDICINA GENERAL;420.0;42.0
426;2023-01-12;6;10;MEDICINA GENERAL;540.0;54.0
426;2023-01-13;53;10;MEDICINA GENERAL;420.0;42.0
426;2023-01-16;42;10;MEDICINA GENERAL;420.0;42.0
426;2023-01-17;42;10;MEDICINA GENERAL;420.0;42.0
426;2023-01-18;39;10;MEDICINA GENERAL;420.0;42.0
426;2023-01-19;40;10;MEDICINA GENERAL;540.0;54.0
426;2023-01-20;33;10;MEDICINA GENERAL;420.0;42.0
426;2023-01-21;24;10;MEDICINA GENERAL;443.52941176470586;44.35294117647059
426;2023-01-22;14;10;MEDICINA GENERAL;443.52941176470586;44.35294117647059
426;2023-01-23;32;10;MEDICINA GENERAL;420.0;42.0
426;2023-01-24;38;10;MEDICINA GENERAL;420.0;42.0
426;2023-01-25;39;10;MEDICINA GENERAL;420.0;42.0
426;2023-01-26;39;10;MEDICINA GENERAL;540.0;54.0
426;2023-01-27;39;10;MEDICINA GENERAL;420.0;42.0
426;2023-01-28;26;10;MEDICINA GENERAL;443.52941176470586;44.35294117647059
426;2023-01-30;42;10;MEDICINA GENERAL;420.0;42.0
426;2023-01-31;44;10;MEDICINA GENERAL;420.0;42.0
426;2023-02-01;39;10;MEDICINA GENERAL;420.0;42.0
426;2023-02-02;61;10;MEDICINA GENERAL;540.0;54.0
426;2023-02-03;43;10;MEDICINA GENERAL;420.0;42.0
426;2023-02-06;45;10;MEDICINA GENERAL;420.0;42.0
426;2023-02-07;40;10;MEDICINA GENERAL;420.0;42.0
426;2023-02-08;41;10;MEDICINA GENERAL;420.0;42.0
426;2023-02-09;51;10;MEDICINA GENERAL;540.0;54.0
426;2023-02-10;45;10;MEDICINA GENERAL;420.0;42.0
426;2023-02-13;43;10;MEDICINA GENERAL;420.0;42.0
426;2023-02-14;0;10;MEDICINA GENERAL;420.0;42.0
426;2023-02-15;38;10;MEDICINA GENERAL;420.0;42.0
426;2023-02-16;54;10;MEDICINA GENERAL;540.0;54.0
426;2023-02-17;42;10;MEDICINA GENERAL;420.0;42.0
426;2023-02-18;30;10;MEDICINA GENERAL;443.52941176470586;44.35294117647059
426;2023-02-20;38;10;MEDICINA GENERAL;420.0;42.0
426;2023-02-21;43;10;MEDICINA GENERAL;420.0;42.0
426;2023-02-22;31;10;MEDICINA GENERAL;420.0;42.0
426;2023-02-23;38;10;MEDICINA GENERAL;540.0;54.0
426;2023-02-24;6;10;MEDICINA GENERAL;420.0;42.0
426;2023-02-25;2;10;MEDICINA GENERAL;443.52941176470586;44.35294117647059
426;2023-02-27;9;10;MEDICINA GENERAL;420.0;42.0
426;2023-03-01;6;10;MEDICINA GENERAL;420.0;42.0
426;2023-03-02;0;10;MEDICINA GENERAL;540.0;54.0
426;2023-03-03;2;10;MEDICINA GENERAL;420.0;42.0
426;2023-03-06;4;10;MEDICINA GENERAL;420.0;42.0
426;2023-03-08;1;10;MEDICINA GENERAL;420.0;42.0
426;2023-03-09;1;10;MEDICINA GENERAL;540.0;54.0
426;2023-03-10;1;10;MEDICINA GENERAL;420.0;42.0
426;2023-03-13;1;10;MEDICINA GENERAL;420.0;42.0
426;2023-03-17;1;10;MEDICINA GENERAL;420.0;42.0
426;2023-04-26;1;10;MEDICINA GENERAL;420.0;42.0
512;2023-01-03;1;30;MEDICINA ESTÉTICA;300.0;10.0
512;2023-01-05;0;30;MEDICINA ESTÉTICA;240.0;8.0
512;2023-01-09;2;30;MEDICINA ESTÉTICA;240.0;8.0
512;2023-01-10;3;30;MEDICINA ESTÉTICA;300.0;10.0
512;2023-01-11;3;30;MEDICINA ESTÉTICA;240.0;8.0
512;2023-01-12;4;30;MEDICINA ESTÉTICA;240.0;8.0
512;2023-01-13;1;30;MEDICINA ESTÉTICA;480.0;16.0
512;2023-01-16;2;30;MEDICINA ESTÉTICA;240.0;8.0
512;2023-01-17;2;30;MEDICINA ESTÉTICA;300.0;10.0
512;2023-01-18;1;30;MEDICINA ESTÉTICA;240.0;8.0
512;2023-01-20;2;30;MEDICINA ESTÉTICA;480.0;16.0
512;2023-01-24;2;30;MEDICINA ESTÉTICA;300.0;10.0
512;2023-01-25;2;30;MEDICINA ESTÉTICA;240.0;8.0
512;2023-01-27;3;30;MEDICINA ESTÉTICA;480.0;16.0
512;2023-02-01;1;30;MEDICINA ESTÉTICA;240.0;8.0
512;2023-02-02;2;30;MEDICINA ESTÉTICA;240.0;8.0
512;2023-02-03;1;30;MEDICINA ESTÉTICA;480.0;16.0
512;2023-02-07;2;30;MEDICINA ESTÉTICA;300.0;10.0
512;2023-02-09;1;30;MEDICINA ESTÉTICA;240.0;8.0
512;2023-02-13;0;30;MEDICINA ESTÉTICA;240.0;8.0
512;2023-02-14;3;30;MEDICINA ESTÉTICA;300.0;10.0
512;2023-02-15;3;30;MEDICINA ESTÉTICA;240.0;8.0
512;2023-02-16;0;30;MEDICINA ESTÉTICA;240.0;8.0
512;2023-02-17;2;30;MEDICINA ESTÉTICA;480.0;16.0
512;2023-02-20;0;30;MEDICINA ESTÉTICA;240.0;8.0
512;2023-02-21;1;30;MEDICINA ESTÉTICA;300.0;10.0
512;2023-02-22;2;30;MEDICINA ESTÉTICA;240.0;8.0
512;2023-02-27;1;30;MEDICINA ESTÉTICA;240.0;8.0
512;2023-03-02;1;30;MEDICINA ESTÉTICA;240.0;8.0
512;2023-03-03;1;30;MEDICINA ESTÉTICA;480.0;16.0
512;2023-03-07;1;30;MEDICINA ESTÉTICA;300.0;10.0
512;2023-11-30;1;30;MEDICINA ESTÉTICA;240.0;8.0
517;2023-01-09;9;30;MEDICINA ESTÉTICA;240.0;8.0
517;2023-01-16;3;30;MEDICINA ESTÉTICA;240.0;8.0
517;2023-01-23;6;30;MEDICINA ESTÉTICA;240.0;8.0
517;2023-01-30;3;30;MEDICINA ESTÉTICA;240.0;8.0
517;2023-02-06;5;30;MEDICINA ESTÉTICA;240.0;8.0
517;2023-02-13;12;30;MEDICINA ESTÉTICA;240.0;8.0
517;2023-02-20;8;30;MEDICINA ESTÉTICA;240.0;8.0
517;2023-02-27;10;30;MEDICINA ESTÉTICA;240.0;8.0
517;2023-03-06;8;30;MEDICINA ESTÉTICA;240.0;8.0
517;2023-03-13;5;30;MEDICINA ESTÉTICA;240.0;8.0
517;2023-03-24;3;30;MEDICINA ESTÉTICA;240.0;8.0
517;2023-03-27;2;30;MEDICINA ESTÉTICA;240.0;8.0
517;2023-04-03;2;30;MEDICINA ESTÉTICA;240.0;8.0
517;2023-04-10;2;30;MEDICINA ESTÉTICA;240.0;8.0
517;2023-05-05;1;30;MEDICINA ESTÉTICA;240.0;8.0
517;2023-05-15;1;30;MEDICINA ESTÉTICA;240.0;8.0
517;2023-06-12;1;30;MEDICINA ESTÉTICA;240.0;8.0
518;2023-01-02;4;30;MEDICINA ESTÉTICA;240.0;8.0
518;2023-01-19;7;30;MEDICINA ESTÉTICA;240.0;8.0
518;2023-01-26;5;30;MEDICINA ESTÉTICA;240.0;8.0
518;2023-02-01;3;30;MEDICINA ESTÉTICA;240.0;8.0
518;2023-02-09;4;30;MEDICINA ESTÉTICA;240.0;8.0
518;2023-02-16;4;30;MEDICINA ESTÉTICA;240.0;8.0
518;2023-02-23;10;30;MEDICINA ESTÉTICA;240.0;8.0
518;2023-03-02;8;30;MEDICINA ESTÉTICA;240.0;8.0
518;2023-03-09;3;30;MEDICINA ESTÉTICA;240.0;8.0
518;2023-03-16;1;30;MEDICINA ESTÉTICA;240.0;8.0
518;2023-03-23;1;30;MEDICINA ESTÉTICA;240.0;8.0
518;2023-03-30;2;30;MEDICINA ESTÉTICA;240.0;8.0
518;2023-04-20;1;30;MEDICINA ESTÉTICA;240.0;8.0
518;2023-05-25;1;30;MEDICINA ESTÉTICA;240.0;8.0
527;2023-01-02;12;12;ECOGRAFIA;432.0;36.0
527;2023-01-03;18;12;ECOGRAFIA;504.0;42.0
527;2023-01-04;19;12;ECOGRAFIA;468.0;39.0
527;2023-01-05;0;12;ECOGRAFIA;468.0;39.0
527;2023-01-09;33;12;ECOGRAFIA;432.0;36.0
527;2023-01-10;35;12;ECOGRAFIA;504.0;42.0
527;2023-01-11;31;12;ECOGRAFIA;468.0;39.0
527;2023-01-12;34;12;ECOGRAFIA;468.0;39.0
527;2023-01-13;39;12;ECOGRAFIA;372.0;31.0
527;2023-01-16;43;12;ECOGRAFIA;432.0;36.0
527;2023-01-17;42;12;ECOGRAFIA;504.0;42.0
527;2023-01-18;37;12;ECOGRAFIA;468.0;39.0
527;2023-01-19;41;12;ECOGRAFIA;468.0;39.0
527;2023-01-20;34;12;ECOGRAFIA;372.0;31.0
527;2023-01-23;34;12;ECOGRAFIA;432.0;36.0
527;2023-01-24;27;12;ECOGRAFIA;504.0;42.0
527;2023-01-25;39;12;ECOGRAFIA;468.0;39.0
527;2023-01-26;30;12;ECOGRAFIA;468.0;39.0
527;2023-01-27;44;12;ECOGRAFIA;372.0;31.0
527;2023-01-30;34;12;ECOGRAFIA;432.0;36.0
527;2023-01-31;26;12;ECOGRAFIA;504.0;42.0
527;2023-02-01;34;12;ECOGRAFIA;468.0;39.0
527;2023-02-02;37;12;ECOGRAFIA;468.0;39.0
527;2023-02-03;47;12;ECOGRAFIA;372.0;31.0
527;2023-02-06;14;12;ECOGRAFIA;432.0;36.0
527;2023-02-07;47;12;ECOGRAFIA;504.0;42.0
527;2023-02-08;34;12;ECOGRAFIA;468.0;39.0
527;2023-02-09;34;12;ECOGRAFIA;468.0;39.0
527;2023-02-10;41;12;ECOGRAFIA;372.0;31.0
527;2023-02-13;43;12;ECOGRAFIA;432.0;36.0
527;2023-02-14;25;12;ECOGRAFIA;504.0;42.0
527;2023-02-15;39;12;ECOGRAFIA;468.0;39.0
527;2023-02-16;36;12;ECOGRAFIA;468.0;39.0
527;2023-02-17;33;12;ECOGRAFIA;372.0;31.0
527;2023-02-20;30;12;ECOGRAFIA;432.0;36.0
527;2023-02-21;40;12;ECOGRAFIA;504.0;42.0
527;2023-02-22;37;12;ECOGRAFIA;468.0;39.0
527;2023-02-23;39;12;ECOGRAFIA;468.0;39.0
527;2023-02-24;33;12;ECOGRAFIA;372.0;31.0
527;2023-02-27;33;12;ECOGRAFIA;432.0;36.0
527;2023-02-28;23;12;ECOGRAFIA;504.0;42.0
527;2023-03-01;21;12;ECOGRAFIA;468.0;39.0
527;2023-03-02;13;12;ECOGRAFIA;468.0;39.0
527;2023-03-03;5;12;ECOGRAFIA;372.0;31.0
527;2023-03-06;13;12;ECOGRAFIA;432.0;36.0
527;2023-03-07;6;12;ECOGRAFIA;504.0;42.0
527;2023-03-08;3;12;ECOGRAFIA;468.0;39.0
527;2023-03-09;1;12;ECOGRAFIA;468.0;39.0
527;2023-03-10;3;12;ECOGRAFIA;372.0;31.0
527;2023-03-13;4;12;ECOGRAFIA;432.0;36.0
527;2023-03-14;3;12;ECOGRAFIA;504.0;42.0
527;2023-03-15;4;12;ECOGRAFIA;468.0;39.0
527;2023-03-16;3;12;ECOGRAFIA;468.0;39.0
527;2023-03-21;1;12;ECOGRAFIA;504.0;42.0
527;2023-03-22;4;12;ECOGRAFIA;468.0;39.0
527;2023-03-23;1;12;ECOGRAFIA;468.0;39.0
527;2023-03-27;3;12;ECOGRAFIA;432.0;36.0
527;2023-03-28;3;12;ECOGRAFIA;504.0;42.0
527;2023-03-29;1;12;ECOGRAFIA;468.0;39.0
527;2023-03-31;0;12;ECOGRAFIA;372.0;31.0
527;2023-04-03;3;12;ECOGRAFIA;432.0;36.0
527;2023-04-04;1;12;ECOGRAFIA;504.0;42.0
527;2023-04-05;1;12;ECOGRAFIA;468.0;39.0
527;2023-04-10;1;12;ECOGRAFIA;432.0;36.0
527;2023-04-14;1;12;ECOGRAFIA;372.0;31.0
527;2023-04-17;1;12;ECOGRAFIA;432.0;36.0
527;2023-04-18;1;12;ECOGRAFIA;504.0;42.0
527;2023-04-19;1;12;ECOGRAFIA;468.0;39.0
527;2023-04-20;1;12;ECOGRAFIA;468.0;39.0
527;2023-04-25;2;12;ECOGRAFIA;504.0;42.0
527;2023-04-27;1;12;ECOGRAFIA;468.0;39.0
527;2023-05-04;1;12;ECOGRAFIA;468.0;39.0
527;2023-05-08;1;12;ECOGRAFIA;432.0;36.0
527;2023-06-06;1;12;ECOGRAFIA;504.0;42.0
527;2023-07-03;1;12;ECOGRAFIA;432.0;36.0
528;2023-01-02;4;10;MAMOGRAFÍA;440.0;44.0
528;2023-01-03;6;10;MAMOGRAFÍA;440.0;44.0
528;2023-01-04;5;10;MAMOGRAFÍA;338.1818181818182;33.81818181818182
528;2023-01-09;9;10;MAMOGRAFÍA;440.0;44.0
528;2023-01-10;12;10;MAMOGRAFÍA;440.0;44.0
528;2023-01-11;8;10;MAMOGRAFÍA;338.1818181818182;33.81818181818182
528;2023-01-12;11;10;MAMOGRAFÍA;120.0;12.0
528;2023-01-13;1;10;MAMOGRAFÍA;338.1818181818182;33.81818181818182
528;2023-01-16;12;10;MAMOGRAFÍA;440.0;44.0
528;2023-01-17;12;10;MAMOGRAFÍA;440.0;44.0
528;2023-01-18;14;10;MAMOGRAFÍA;338.1818181818182;33.81818181818182
528;2023-01-19;11;10;MAMOGRAFÍA;120.0;12.0
528;2023-01-23;8;10;MAMOGRAFÍA;440.0;44.0
528;2023-01-24;8;10;MAMOGRAFÍA;440.0;44.0
528;2023-01-25;8;10;MAMOGRAFÍA;338.1818181818182;33.81818181818182
528;2023-01-26;1;10;MAMOGRAFÍA;120.0;12.0
528;2023-01-30;13;10;MAMOGRAFÍA;440.0;44.0
528;2023-01-31;6;10;MAMOGRAFÍA;440.0;44.0
528;2023-02-01;5;10;MAMOGRAFÍA;240.0;24.0
528;2023-02-02;3;10;MAMOGRAFÍA;120.0;12.0
528;2023-02-06;20;10;MAMOGRAFÍA;440.0;44.0
528;2023-02-07;25;10;MAMOGRAFÍA;440.0;44.0
528;2023-02-08;0;10;MAMOGRAFÍA;338.1818181818182;33.81818181818182
528;2023-02-09;5;10;MAMOGRAFÍA;120.0;12.0
528;2023-02-13;29;10;MAMOGRAFÍA;440.0;44.0
528;2023-02-14;22;10;MAMOGRAFÍA;440.0;44.0
528;2023-02-15;3;10;MAMOGRAFÍA;60.0;6.0
528;2023-02-16;8;10;MAMOGRAFÍA;120.0;12.0
528;2023-02-17;2;10;MAMOGRAFÍA;60.0;6.0
528;2023-02-20;22;10;MAMOGRAFÍA;440.0;44.0
528;2023-02-21;26;10;MAMOGRAFÍA;440.0;44.0
528;2023-02-22;0;10;MAMOGRAFÍA;338.1818181818182;33.81818181818182
528;2023-02-23;5;10;MAMOGRAFÍA;120.0;12.0
528;2023-02-27;27;10;MAMOGRAFÍA;440.0;44.0
528;2023-02-28;15;10;MAMOGRAFÍA;440.0;44.0
528;2023-03-02;4;10;MAMOGRAFÍA;120.0;12.0
528;2023-03-06;7;10;MAMOGRAFÍA;440.0;44.0
528;2023-03-07;4;10;MAMOGRAFÍA;440.0;44.0
528;2023-03-09;1;10;MAMOGRAFÍA;120.0;12.0
528;2023-03-13;4;10;MAMOGRAFÍA;440.0;44.0
528;2023-03-14;1;10;MAMOGRAFÍA;440.0;44.0
528;2023-03-21;1;10;MAMOGRAFÍA;440.0;44.0
528;2023-03-27;2;10;MAMOGRAFÍA;440.0;44.0
528;2023-03-28;3;10;MAMOGRAFÍA;440.0;44.0
528;2023-04-03;1;10;MAMOGRAFÍA;440.0;44.0
528;2023-04-05;1;10;MAMOGRAFÍA;338.1818181818182;33.81818181818182
528;2023-04-10;1;10;MAMOGRAFÍA;440.0;44.0
528;2023-04-17;1;10;MAMOGRAFÍA;440.0;44.0
528;2023-04-20;1;10;MAMOGRAFÍA;120.0;12.0
528;2023-04-24;1;10;MAMOGRAFÍA;440.0;44.0
528;2023-04-25;2;10;MAMOGRAFÍA;440.0;44.0
528;2023-05-04;1;10;MAMOGRAFÍA;120.0;12.0
538;2023-01-11;35;6;TRAUMATOLOGIA;240.0;40.0
538;2023-01-12;37;6;TRAUMATOLOGIA;240.0;40.0
538;2023-01-18;34;6;TRAUMATOLOGIA;240.0;40.0
538;2023-01-19;32;6;TRAUMATOLOGIA;240.0;40.0
538;2023-01-25;47;6;TRAUMATOLOGIA;300.0;50.0
538;2023-01-26;0;6;TRAUMATOLOGIA;240.0;40.0
538;2023-02-08;42;6;TRAUMATOLOGIA;240.0;40.0
538;2023-02-09;41;6;TRAUMATOLOGIA;240.0;40.0
538;2023-02-15;32;6;TRAUMATOLOGIA;240.0;40.0
538;2023-02-22;44;6;TRAUMATOLOGIA;240.0;40.0
538;2023-02-23;45;6;TRAUMATOLOGIA;240.0;40.0
538;2023-03-01;41;6;TRAUMATOLOGIA;240.0;40.0
538;2023-03-02;40;6;TRAUMATOLOGIA;240.0;40.0
538;2023-03-15;7;6;TRAUMATOLOGIA;240.0;40.0
538;2023-03-16;4;6;TRAUMATOLOGIA;240.0;40.0
538;2023-03-29;0;6;TRAUMATOLOGIA;300.0;50.0
558;2023-01-20;15;15;OTORRINOLARINGOLOGIA;180.0;12.0
558;2023-01-25;12;15;OTORRINOLARINGOLOGIA;180.0;12.0
558;2023-01-27;20;15;OTORRINOLARINGOLOGIA;240.0;16.0
558;2023-02-03;26;15;OTORRINOLARINGOLOGIA;240.0;16.0
558;2023-02-10;16;15;OTORRINOLARINGOLOGIA;180.0;12.0
558;2023-02-24;33;15;OTORRINOLARINGOLOGIA;240.0;16.0
558;2023-03-10;17;15;OTORRINOLARINGOLOGIA;240.0;16.0
558;2023-03-24;4;15;OTORRINOLARINGOLOGIA;240.0;16.0
580;2023-01-20;11;10;CIRUGIA VASCULAR;180.0;18.0
580;2023-02-03;3;10;CIRUGIA VASCULAR;180.0;18.0
580;2023-02-17;5;10;CIRUGIA VASCULAR;180.0;18.0
591;2023-01-10;2;30;MEDICINA ESTÉTICA;240.0;8.0
591;2023-01-31;5;30;MEDICINA ESTÉTICA;240.0;8.0
591;2023-02-14;4;30;MEDICINA ESTÉTICA;240.0;8.0
591;2023-02-28;5;30;MEDICINA ESTÉTICA;240.0;8.0
591;2023-03-28;2;30;MEDICINA ESTÉTICA;240.0;8.0
591;2023-04-18;1;30;MEDICINA ESTÉTICA;240.0;8.0
591;2023-06-13;1;30;MEDICINA ESTÉTICA;240.0;8.0
600;2023-01-09;19;10;GINECOLOGÍA;210.0;21.0
600;2023-01-23;17;10;GINECOLOGÍA;210.0;21.0
600;2023-01-30;16;10;GINECOLOGÍA;210.0;21.0
600;2023-02-06;18;10;GINECOLOGÍA;210.0;21.0
600;2023-02-13;17;10;GINECOLOGÍA;210.0;21.0
600;2023-02-20;14;10;GINECOLOGÍA;210.0;21.0
600;2023-02-27;9;10;GINECOLOGÍA;210.0;21.0
600;2023-03-06;8;10;GINECOLOGÍA;210.0;21.0
600;2023-03-13;4;10;GINECOLOGÍA;210.0;21.0
600;2023-03-27;2;10;GINECOLOGÍA;210.0;21.0
605;2023-01-12;4;45;FISIOTERAPIA SALUD MUJER;225.0;5.0
605;2023-01-19;2;45;FISIOTERAPIA SALUD MUJER;225.0;5.0
605;2023-01-26;4;45;FISIOTERAPIA SALUD MUJER;225.0;5.0
605;2023-02-02;3;45;FISIOTERAPIA SALUD MUJER;225.0;5.0
605;2023-02-09;2;45;FISIOTERAPIA SALUD MUJER;225.0;5.0
605;2023-02-16;3;45;FISIOTERAPIA SALUD MUJER;225.0;5.0
605;2023-02-23;4;45;FISIOTERAPIA SALUD MUJER;225.0;5.0
605;2023-03-02;2;45;FISIOTERAPIA SALUD MUJER;225.0;5.0
605;2023-03-16;1;45;FISIOTERAPIA SALUD MUJER;225.0;5.0
