,DoctorID,Fecha,TotalVisitasEfectivas,IntervalAgenda,AreaClinica,MinutosConsulta,TotalHuecos,Prediccion
0,379,2023-01-03,0,15,CIRUGIA GENERAL Y AP.DIGESTIVO,0.0,0.0,0.0
1,25,2023-01-03,0,15,CIRUGIA PLASTICA,0.0,0.0,0.0
2,122,2023-01-03,0,15,NEUMOLOGIA,0.0,0.0,0.0
3,43,2023-01-03,0,15,OFTALMOLOGÍA,0.0,0.0,0.0
4,113,2023-01-03,0,15,PRUEBAS OFTALMOLOGICAS,0.0,0.0,0.0
5,21,2023-01-12,0,15,PSIQUIATRIA,300.0,20.0,0.0
6,21,2023-01-26,5,15,PSIQUIATRIA,300.0,20.0,11.363636363636363
7,21,2023-02-09,2,15,PSIQUIATRIA,300.0,20.0,5.555555555555555
8,21,2023-02-23,4,15,PSIQUIATRIA,300.0,20.0,9.523809523809524
9,21,2023-03-09,1,15,PSIQUIATRIA,300.0,20.0,2.7777777777777777
10,26,2023-01-03,0,12,GINECOLOGÍA,420.0,35.0,0.0
11,26,2023-01-04,0,12,GINECOLOGÍA,420.0,35.0,0.0
12,26,2023-01-11,0,12,GINECOLOGÍA,420.0,35.0,0.0
13,26,2023-01-18,21,12,GINECOLOGÍA,420.0,35.0,42.00000000000001
14,26,2023-01-25,20,12,GINECOLOGÍA,420.0,35.0,40.00000000000001
15,26,2023-02-01,22,12,GINECOLOGÍA,420.0,35.0,55.00000000000001
16,26,2023-02-08,23,12,GINECOLOGÍA,420.0,35.0,55.00000000000001
17,26,2023-02-15,23,12,GINECOLOGÍA,420.0,35.0,55.00000000000001
18,26,2023-02-22,24,12,GINECOLOGÍA,420.0,35.0,60.0
19,26,2023-03-01,30,12,GINECOLOGÍA,420.0,35.0,57.99999999999999
20,26,2023-03-08,24,12,GINECOLOGÍA,420.0,35.0,60.0
21,26,2023-03-15,22,12,GINECOLOGÍA,420.0,35.0,55.00000000000001
22,26,2023-03-22,19,12,GINECOLOGÍA,420.0,35.0,40.00000000000001
23,26,2023-03-29,16,12,GINECOLOGÍA,420.0,35.0,32.0
24,26,2023-04-05,1,12,GINECOLOGÍA,420.0,35.0,2.5
25,26,2023-04-12,15,12,GINECOLOGÍA,420.0,35.0,32.0
26,26,2023-04-19,2,12,GINECOLOGÍA,420.0,35.0,4.0
27,26,2023-05-03,1,12,GINECOLOGÍA,420.0,35.0,2.5
28,26,2023-05-10,1,12,GINECOLOGÍA,420.0,35.0,2.5
29,26,2023-07-05,3,12,GINECOLOGÍA,420.0,35.0,6.857142857142858
30,26,2023-07-11,0,12,GINECOLOGÍA,420.0,35.0,0.0
31,26,2023-07-12,1,12,GINECOLOGÍA,420.0,35.0,2.5
32,26,2023-07-19,1,12,GINECOLOGÍA,420.0,35.0,2.5
33,26,2023-07-26,1,12,GINECOLOGÍA,420.0,35.0,2.5
34,26,2023-08-02,1,12,GINECOLOGÍA,420.0,35.0,2.5
35,26,2023-08-09,1,12,GINECOLOGÍA,420.0,35.0,2.5
36,26,2023-08-16,1,12,GINECOLOGÍA,420.0,35.0,2.5
37,26,2023-08-23,1,12,GINECOLOGÍA,420.0,35.0,2.5
38,26,2023-08-30,1,12,GINECOLOGÍA,420.0,35.0,2.5
39,26,2023-09-06,1,12,GINECOLOGÍA,420.0,35.0,2.5
40,26,2023-09-20,0,12,GINECOLOGÍA,420.0,35.0,0.0
41,26,2023-10-03,0,12,GINECOLOGÍA,420.0,35.0,0.0
42,26,2023-10-11,0,12,GINECOLOGÍA,420.0,35.0,0.0
43,31,2023-01-02,19,10,MEDICINA GENERAL,160.0,16.0,118.67067468269872
44,31,2023-01-05,16,10,MEDICINA GENERAL,160.0,16.0,99.93319973279895
45,31,2023-01-09,18,10,MEDICINA GENERAL,160.0,16.0,112.4248496993988
46,31,2023-01-10,0,10,MEDICINA GENERAL,160.0,16.0,0.0
47,31,2023-01-12,21,10,MEDICINA GENERAL,160.0,16.0,105.0
48,31,2023-01-13,17,10,MEDICINA GENERAL,160.0,16.0,106.17902471609888
49,31,2023-01-16,19,10,MEDICINA GENERAL,160.0,16.0,118.67067468269872
50,31,2023-01-19,16,10,MEDICINA GENERAL,160.0,16.0,99.93319973279895
51,31,2023-01-20,16,10,MEDICINA GENERAL,160.0,16.0,99.93319973279895
52,31,2023-01-23,20,10,MEDICINA GENERAL,160.0,16.0,124.91649966599869
53,31,2023-01-26,22,10,MEDICINA GENERAL,160.0,16.0,110.00000000000001
54,31,2023-01-27,18,10,MEDICINA GENERAL,160.0,16.0,112.4248496993988
55,31,2023-01-30,16,10,MEDICINA GENERAL,160.0,16.0,99.93319973279895
56,31,2023-02-02,18,10,MEDICINA GENERAL,160.0,16.0,112.4248496993988
57,31,2023-02-03,19,10,MEDICINA GENERAL,160.0,16.0,118.67067468269872
58,31,2023-02-06,20,10,MEDICINA GENERAL,160.0,16.0,124.91649966599869
59,31,2023-02-09,19,10,MEDICINA GENERAL,160.0,16.0,118.67067468269872
60,31,2023-02-10,18,10,MEDICINA GENERAL,160.0,16.0,112.4248496993988
61,31,2023-02-13,17,10,MEDICINA GENERAL,160.0,16.0,106.17902471609888
62,31,2023-02-16,22,10,MEDICINA GENERAL,160.0,16.0,110.00000000000001
63,31,2023-02-17,18,10,MEDICINA GENERAL,160.0,16.0,112.4248496993988
64,31,2023-02-20,19,10,MEDICINA GENERAL,160.0,16.0,118.67067468269872
65,31,2023-02-23,20,10,MEDICINA GENERAL,160.0,16.0,124.91649966599869
66,31,2023-02-27,17,10,MEDICINA GENERAL,160.0,16.0,106.17902471609888
67,31,2023-03-02,13,10,MEDICINA GENERAL,160.0,16.0,81.19572478289915
68,31,2023-03-03,9,10,MEDICINA GENERAL,160.0,16.0,30.85468039262629
69,31,2023-03-06,3,10,MEDICINA GENERAL,160.0,16.0,10.284893464208762
70,31,2023-03-09,2,10,MEDICINA GENERAL,160.0,16.0,6.856595642805842
71,37,2023-01-03,94,5,DERMATOLOGIA,450.0,90.0,48.888888888888886
72,37,2023-01-10,84,5,DERMATOLOGIA,450.0,90.0,48.888888888888886
73,37,2023-01-17,95,5,DERMATOLOGIA,450.0,90.0,46.666666666666664
74,37,2023-01-24,97,5,DERMATOLOGIA,450.0,90.0,46.666666666666664
75,37,2023-01-31,96,5,DERMATOLOGIA,450.0,90.0,41.904761904761905
76,37,2023-02-07,95,5,DERMATOLOGIA,450.0,90.0,48.888888888888886
77,37,2023-02-14,97,5,DERMATOLOGIA,450.0,90.0,46.666666666666664
78,37,2023-02-21,129,5,DERMATOLOGIA,450.0,90.0,46.666666666666664
79,37,2023-02-28,129,5,DERMATOLOGIA,450.0,90.0,41.904761904761905
80,37,2023-03-07,129,5,DERMATOLOGIA,450.0,90.0,48.888888888888886
81,37,2023-03-14,126,5,DERMATOLOGIA,450.0,90.0,46.666666666666664
82,37,2023-03-21,77,5,DERMATOLOGIA,450.0,90.0,46.666666666666664
83,37,2023-03-28,13,5,DERMATOLOGIA,450.0,90.0,19.444444444444446
84,37,2023-04-04,3,5,DERMATOLOGIA,450.0,90.0,4.166666666666666
85,37,2023-04-11,2,5,DERMATOLOGIA,450.0,90.0,2.2222222222222223
86,37,2023-05-02,0,5,DERMATOLOGIA,450.0,90.0,0.0
87,37,2023-05-09,1,5,DERMATOLOGIA,450.0,90.0,1.1111111111111112
88,37,2023-06-13,1,5,DERMATOLOGIA,450.0,90.0,1.1111111111111112
89,37,2023-07-04,0,5,DERMATOLOGIA,450.0,90.0,0.0
90,37,2023-07-11,0,5,DERMATOLOGIA,450.0,90.0,0.0
91,37,2023-10-10,2,5,DERMATOLOGIA,450.0,90.0,2.2222222222222223
92,37,2023-10-24,0,5,DERMATOLOGIA,450.0,90.0,0.0
93,38,2023-01-02,6,15,RADIOLOGIA,420.0,28.0,14.285714285714285
94,38,2023-01-03,6,15,RADIOLOGIA,420.0,28.0,14.285714285714285
95,38,2023-01-04,6,15,RADIOLOGIA,420.0,28.0,14.285714285714285
96,38,2023-01-05,1,15,RADIOLOGIA,315.0,21.0,2.564102564102564
97,38,2023-01-09,10,15,RADIOLOGIA,420.0,28.0,22.0
98,38,2023-01-10,11,15,RADIOLOGIA,420.0,28.0,22.0
99,38,2023-01-11,12,15,RADIOLOGIA,420.0,28.0,24.0
100,38,2023-01-12,6,15,RADIOLOGIA,315.0,21.0,14.285714285714285
101,38,2023-01-13,10,15,RADIOLOGIA,210.0,14.0,16.666666666666664
102,38,2023-01-16,6,15,RADIOLOGIA,420.0,28.0,14.285714285714285
103,38,2023-01-17,6,15,RADIOLOGIA,420.0,28.0,14.285714285714285
104,38,2023-01-18,9,15,RADIOLOGIA,420.0,28.0,22.5
105,38,2023-01-19,10,15,RADIOLOGIA,315.0,21.0,22.0
106,38,2023-01-20,9,15,RADIOLOGIA,210.0,14.0,25.0
107,38,2023-01-23,6,15,RADIOLOGIA,420.0,28.0,14.285714285714285
108,38,2023-01-24,8,15,RADIOLOGIA,420.0,28.0,19.047619047619047
109,38,2023-01-25,12,15,RADIOLOGIA,420.0,28.0,24.0
110,38,2023-01-26,12,15,RADIOLOGIA,315.0,21.0,24.0
111,38,2023-01-27,8,15,RADIOLOGIA,210.0,14.0,19.047619047619047
112,38,2023-01-30,9,15,RADIOLOGIA,420.0,28.0,22.5
113,38,2023-01-31,6,15,RADIOLOGIA,420.0,28.0,14.285714285714285
114,38,2023-02-01,11,15,RADIOLOGIA,420.0,28.0,22.0
115,38,2023-02-02,7,15,RADIOLOGIA,315.0,21.0,17.5
116,38,2023-02-03,4,15,RADIOLOGIA,210.0,14.0,11.11111111111111
117,38,2023-02-06,1,15,RADIOLOGIA,420.0,28.0,2.5
118,38,2023-02-08,4,15,RADIOLOGIA,420.0,28.0,9.523809523809524
119,38,2023-02-09,6,15,RADIOLOGIA,315.0,21.0,14.285714285714285
120,38,2023-02-10,6,15,RADIOLOGIA,210.0,14.0,16.666666666666664
121,38,2023-02-13,12,15,RADIOLOGIA,420.0,28.0,24.0
122,38,2023-02-14,10,15,RADIOLOGIA,420.0,28.0,22.0
123,38,2023-02-15,12,15,RADIOLOGIA,420.0,28.0,24.0
124,38,2023-02-16,6,15,RADIOLOGIA,315.0,21.0,14.285714285714285
125,38,2023-02-17,6,15,RADIOLOGIA,210.0,14.0,16.666666666666664
126,38,2023-02-20,12,15,RADIOLOGIA,420.0,28.0,24.0
127,38,2023-02-21,10,15,RADIOLOGIA,420.0,28.0,22.0
128,38,2023-02-22,17,15,RADIOLOGIA,420.0,28.0,40.476190476190474
129,38,2023-02-23,5,15,RADIOLOGIA,315.0,21.0,11.363636363636363
130,38,2023-02-24,3,15,RADIOLOGIA,210.0,14.0,10.0
131,38,2023-03-01,5,15,RADIOLOGIA,420.0,28.0,8.333333333333332
132,38,2023-03-06,3,15,RADIOLOGIA,420.0,28.0,7.6923076923076925
133,38,2023-03-08,5,15,RADIOLOGIA,420.0,28.0,11.363636363636363
134,38,2023-03-14,1,15,RADIOLOGIA,420.0,28.0,2.5
135,38,2023-03-15,3,15,RADIOLOGIA,420.0,28.0,7.6923076923076925
136,38,2023-03-21,1,15,RADIOLOGIA,420.0,28.0,2.5
137,38,2023-03-22,3,15,RADIOLOGIA,420.0,28.0,7.6923076923076925
138,38,2023-04-03,2,15,RADIOLOGIA,420.0,28.0,5.128205128205128
139,38,2023-04-17,3,15,RADIOLOGIA,420.0,28.0,7.6923076923076925
140,40,2023-01-11,26,10,TRAUMATOLOGIA,240.0,24.0,67.5
141,40,2023-01-25,26,10,TRAUMATOLOGIA,240.0,24.0,62.5
142,40,2023-02-08,0,10,TRAUMATOLOGIA,240.0,24.0,0.0
143,40,2023-02-15,26,10,TRAUMATOLOGIA,250.0,25.0,67.5
144,40,2023-02-22,25,10,TRAUMATOLOGIA,240.0,24.0,62.5
145,40,2023-03-08,30,10,TRAUMATOLOGIA,240.0,24.0,63.829787234042556
146,40,2023-03-22,15,10,TRAUMATOLOGIA,240.0,24.0,38.095238095238095
147,55,2023-01-20,6,30,PERITO,210.0,7.0,40.000000000000014
148,55,2023-02-03,9,30,PERITO,210.0,7.0,71.04176495479152
149,55,2023-02-17,7,30,PERITO,210.0,7.0,42.42424242424242
150,55,2023-03-03,7,30,PERITO,210.0,7.0,42.42424242424242
151,55,2023-03-17,3,30,PERITO,210.0,7.0,20.0
152,91,2023-01-02,40,8,MEDICINA GENERAL,180.0,22.5,106.66666666666667
153,91,2023-01-03,82,8,MEDICINA GENERAL,350.0,43.75,48.75
154,91,2023-01-04,51,8,MEDICINA GENERAL,180.0,22.5,141.33333333333334
155,91,2023-01-05,64,8,MEDICINA GENERAL,350.0,43.75,157.14285714285714
156,91,2023-01-09,48,8,MEDICINA GENERAL,180.0,22.5,128.0
157,91,2023-01-10,80,8,MEDICINA GENERAL,350.0,43.75,48.75
158,91,2023-01-11,48,8,MEDICINA GENERAL,180.0,22.5,128.0
159,91,2023-01-12,69,8,MEDICINA GENERAL,350.0,43.75,48.75
160,91,2023-01-13,52,8,MEDICINA GENERAL,180.0,22.5,141.33333333333334
161,91,2023-01-16,40,8,MEDICINA GENERAL,180.0,22.5,106.66666666666667
162,91,2023-01-17,72,8,MEDICINA GENERAL,350.0,43.75,46.666666666666664
163,91,2023-01-18,33,8,MEDICINA GENERAL,180.0,22.5,113.13382810629639
164,91,2023-01-19,68,8,MEDICINA GENERAL,350.0,43.75,46.666666666666664
165,91,2023-01-20,43,8,MEDICINA GENERAL,180.0,22.5,114.66666666666667
166,91,2023-01-23,38,8,MEDICINA GENERAL,180.0,22.5,106.66666666666667
167,91,2023-01-24,63,8,MEDICINA GENERAL,350.0,43.75,157.14285714285714
168,91,2023-01-25,28,8,MEDICINA GENERAL,180.0,22.5,116.36363636363636
169,91,2023-01-26,60,8,MEDICINA GENERAL,350.0,43.75,120.0
170,91,2023-01-27,39,8,MEDICINA GENERAL,180.0,22.5,106.66666666666667
171,91,2023-01-30,41,8,MEDICINA GENERAL,180.0,22.5,109.33333333333333
172,91,2023-01-31,68,8,MEDICINA GENERAL,350.0,43.75,41.904761904761905
173,91,2023-02-01,37,8,MEDICINA GENERAL,180.0,22.5,134.54545454545453
174,91,2023-02-02,68,8,MEDICINA GENERAL,350.0,43.75,48.75
175,91,2023-02-03,39,8,MEDICINA GENERAL,180.0,22.5,106.66666666666667
176,91,2023-02-06,44,8,MEDICINA GENERAL,180.0,22.5,117.33333333333333
177,91,2023-02-07,69,8,MEDICINA GENERAL,350.0,43.75,48.75
178,91,2023-02-08,40,8,MEDICINA GENERAL,180.0,22.5,106.66666666666667
179,91,2023-02-09,43,8,MEDICINA GENERAL,350.0,43.75,48.75
180,91,2023-02-10,34,8,MEDICINA GENERAL,180.0,22.5,127.27272727272727
181,91,2023-02-13,40,8,MEDICINA GENERAL,180.0,22.5,106.66666666666667
182,91,2023-02-14,77,8,MEDICINA GENERAL,350.0,43.75,46.666666666666664
183,91,2023-02-15,37,8,MEDICINA GENERAL,180.0,22.5,134.54545454545453
184,91,2023-02-16,66,8,MEDICINA GENERAL,350.0,43.75,157.14285714285714
185,91,2023-02-17,45,8,MEDICINA GENERAL,180.0,22.5,120.0
186,91,2023-02-20,44,8,MEDICINA GENERAL,180.0,22.5,117.33333333333333
187,91,2023-02-21,67,8,MEDICINA GENERAL,350.0,43.75,157.14285714285714
188,91,2023-02-22,25,8,MEDICINA GENERAL,180.0,22.5,86.66666666666667
189,91,2023-02-23,15,8,MEDICINA GENERAL,350.0,43.75,34.090909090909086
190,91,2023-02-24,13,8,MEDICINA GENERAL,180.0,22.5,44.56787167823798
191,91,2023-02-27,3,8,MEDICINA GENERAL,180.0,22.5,7.5
192,91,2023-02-28,6,8,MEDICINA GENERAL,350.0,43.75,14.285714285714285
193,91,2023-03-01,3,8,MEDICINA GENERAL,180.0,22.5,7.5
194,91,2023-03-02,4,8,MEDICINA GENERAL,350.0,43.75,9.523809523809524
195,91,2023-03-03,2,8,MEDICINA GENERAL,180.0,22.5,6.856595642805842
196,91,2023-03-06,1,8,MEDICINA GENERAL,180.0,22.5,3.428297821402921
197,91,2023-03-07,2,8,MEDICINA GENERAL,350.0,43.75,4.545454545454546
198,91,2023-03-08,1,8,MEDICINA GENERAL,180.0,22.5,3.428297821402921
199,91,2023-03-09,1,8,MEDICINA GENERAL,350.0,43.75,2.2857142857142856
200,91,2023-03-10,1,8,MEDICINA GENERAL,180.0,22.5,3.428297821402921
201,91,2023-03-14,4,8,MEDICINA GENERAL,350.0,43.75,9.523809523809524
202,91,2023-03-15,1,8,MEDICINA GENERAL,180.0,22.5,3.428297821402921
203,91,2023-03-16,3,8,MEDICINA GENERAL,350.0,43.75,6.857142857142858
204,91,2023-03-21,1,8,MEDICINA GENERAL,350.0,43.75,2.2857142857142856
205,91,2023-03-22,1,8,MEDICINA GENERAL,180.0,22.5,3.428297821402921
206,91,2023-03-23,1,8,MEDICINA GENERAL,350.0,43.75,2.2857142857142856
207,91,2023-03-24,1,8,MEDICINA GENERAL,180.0,22.5,3.428297821402921
208,91,2023-03-28,1,8,MEDICINA GENERAL,350.0,43.75,2.2857142857142856
209,91,2023-03-30,1,8,MEDICINA GENERAL,350.0,43.75,2.2857142857142856
210,91,2023-04-05,1,8,MEDICINA GENERAL,180.0,22.5,3.428297821402921
211,91,2023-04-18,2,8,MEDICINA GENERAL,350.0,43.75,4.545454545454546
212,92,2023-01-02,14,5,MEDICINA GENERAL,105.0,21.0,66.66666666666666
213,92,2023-01-04,15,5,MEDICINA GENERAL,105.0,21.0,71.42857142857143
214,92,2023-01-05,21,5,MEDICINA GENERAL,105.0,21.0,100.0
215,92,2023-01-09,18,5,MEDICINA GENERAL,105.0,21.0,66.66666666666666
216,92,2023-01-11,24,5,MEDICINA GENERAL,105.0,21.0,109.52380952380953
217,92,2023-01-12,20,5,MEDICINA GENERAL,105.0,21.0,66.66666666666666
218,92,2023-01-16,18,5,MEDICINA GENERAL,105.0,21.0,66.66666666666666
219,92,2023-01-18,19,5,MEDICINA GENERAL,105.0,21.0,66.66666666666666
220,92,2023-01-19,11,5,MEDICINA GENERAL,105.0,21.0,52.38095238095239
221,92,2023-01-23,21,5,MEDICINA GENERAL,105.0,21.0,100.0
222,92,2023-01-25,17,5,MEDICINA GENERAL,105.0,21.0,56.666666666666664
223,92,2023-01-26,17,5,MEDICINA GENERAL,105.0,21.0,56.666666666666664
224,92,2023-01-30,19,5,MEDICINA GENERAL,105.0,21.0,66.66666666666666
225,92,2023-02-01,0,5,MEDICINA GENERAL,105.0,21.0,0.0
226,92,2023-02-06,25,5,MEDICINA GENERAL,105.0,21.0,109.52380952380953
227,92,2023-02-08,23,5,MEDICINA GENERAL,105.0,21.0,109.52380952380953
228,92,2023-02-09,19,5,MEDICINA GENERAL,105.0,21.0,66.66666666666666
229,92,2023-02-13,16,5,MEDICINA GENERAL,105.0,21.0,56.666666666666664
230,92,2023-02-15,19,5,MEDICINA GENERAL,105.0,21.0,66.66666666666666
231,92,2023-02-16,12,5,MEDICINA GENERAL,105.0,21.0,57.14285714285713
232,92,2023-02-20,19,5,MEDICINA GENERAL,105.0,21.0,66.66666666666666
233,92,2023-02-22,15,5,MEDICINA GENERAL,105.0,21.0,71.42857142857143
234,92,2023-02-23,6,5,MEDICINA GENERAL,105.0,21.0,28.57142857142857
235,92,2023-02-27,1,5,MEDICINA GENERAL,105.0,21.0,4.444444444444445
236,92,2023-03-02,1,5,MEDICINA GENERAL,105.0,21.0,4.444444444444445
237,92,2023-03-06,0,5,MEDICINA GENERAL,105.0,21.0,0.0
238,92,2023-03-08,2,5,MEDICINA GENERAL,105.0,21.0,9.30232558139535
239,92,2023-03-09,1,5,MEDICINA GENERAL,105.0,21.0,4.444444444444445
240,92,2023-03-13,1,5,MEDICINA GENERAL,105.0,21.0,4.444444444444445
241,92,2023-03-16,1,5,MEDICINA GENERAL,105.0,21.0,4.444444444444445
242,92,2023-04-03,1,5,MEDICINA GENERAL,105.0,21.0,4.444444444444445
243,128,2023-01-02,20,10,OTORRINOLARINGOLOGIA,250.0,25.0,36.19047619047619
244,128,2023-01-04,21,10,OTORRINOLARINGOLOGIA,250.0,25.0,42.00000000000001
245,128,2023-01-18,28,10,OTORRINOLARINGOLOGIA,250.0,25.0,69.99999999999999
246,128,2023-01-25,25,10,OTORRINOLARINGOLOGIA,500.0,50.0,56.25
247,128,2023-01-26,18,10,OTORRINOLARINGOLOGIA,180.0,18.0,60.0
248,128,2023-01-30,19,10,OTORRINOLARINGOLOGIA,190.0,19.0,65.51724137931035
249,128,2023-02-01,28,10,OTORRINOLARINGOLOGIA,250.0,25.0,69.99999999999999
250,128,2023-02-08,27,10,OTORRINOLARINGOLOGIA,210.0,21.0,56.25
251,128,2023-02-15,21,10,OTORRINOLARINGOLOGIA,190.0,19.0,70.0
252,128,2023-02-20,23,10,OTORRINOLARINGOLOGIA,190.0,19.0,55.00000000000001
253,128,2023-02-22,32,10,OTORRINOLARINGOLOGIA,250.0,25.0,80.0
254,128,2023-02-24,25,10,OTORRINOLARINGOLOGIA,180.0,18.0,86.66666666666667
255,128,2023-03-08,19,10,OTORRINOLARINGOLOGIA,190.0,19.0,65.51724137931035
256,128,2023-03-15,19,10,OTORRINOLARINGOLOGIA,190.0,19.0,65.51724137931035
257,128,2023-03-21,13,10,OTORRINOLARINGOLOGIA,190.0,19.0,50.0
258,128,2023-03-22,5,10,OTORRINOLARINGOLOGIA,190.0,19.0,13.88888888888889
259,128,2023-03-23,1,10,OTORRINOLARINGOLOGIA,180.0,18.0,3.3333333333333335
260,128,2023-03-24,4,10,OTORRINOLARINGOLOGIA,190.0,19.0,11.11111111111111
261,146,2023-01-09,15,10,REUMATOLOGIA,180.0,18.0,50.0
262,146,2023-01-11,19,10,REUMATOLOGIA,240.0,24.0,36.19047619047619
263,146,2023-01-16,20,10,REUMATOLOGIA,180.0,18.0,66.66666666666666
264,146,2023-01-18,23,10,REUMATOLOGIA,240.0,24.0,82.14285714285714
265,146,2023-01-23,14,10,REUMATOLOGIA,180.0,18.0,47.99616949964091
266,146,2023-01-25,22,10,REUMATOLOGIA,240.0,24.0,82.14285714285714
267,146,2023-01-30,14,10,REUMATOLOGIA,180.0,18.0,47.99616949964091
268,146,2023-02-01,24,10,REUMATOLOGIA,240.0,24.0,85.71428571428571
269,146,2023-02-06,18,10,REUMATOLOGIA,180.0,18.0,60.0
270,146,2023-02-08,18,10,REUMATOLOGIA,240.0,24.0,42.85714285714285
271,146,2023-02-13,18,10,REUMATOLOGIA,180.0,18.0,60.0
272,146,2023-02-15,0,10,REUMATOLOGIA,240.0,24.0,0.0
273,146,2023-02-16,17,10,REUMATOLOGIA,180.0,18.0,56.66666666666666
274,146,2023-02-20,21,10,REUMATOLOGIA,180.0,18.0,70.0
275,146,2023-02-22,27,10,REUMATOLOGIA,240.0,24.0,96.42857142857143
276,146,2023-02-27,20,10,REUMATOLOGIA,180.0,18.0,66.66666666666666
277,146,2023-03-01,27,10,REUMATOLOGIA,240.0,24.0,96.42857142857143
278,146,2023-03-06,18,10,REUMATOLOGIA,180.0,18.0,60.0
279,146,2023-03-08,24,10,REUMATOLOGIA,240.0,24.0,85.71428571428571
280,146,2023-03-13,18,10,REUMATOLOGIA,180.0,18.0,60.0
281,146,2023-03-15,24,10,REUMATOLOGIA,240.0,24.0,85.71428571428571
282,146,2023-03-22,26,10,REUMATOLOGIA,240.0,24.0,92.85714285714285
283,146,2023-03-27,18,10,REUMATOLOGIA,180.0,18.0,60.0
284,146,2023-03-29,24,10,REUMATOLOGIA,240.0,24.0,85.71428571428571
285,146,2023-04-03,18,10,REUMATOLOGIA,180.0,18.0,60.0
286,146,2023-04-05,24,10,REUMATOLOGIA,240.0,24.0,85.71428571428571
287,146,2023-04-10,18,10,REUMATOLOGIA,180.0,18.0,60.0
288,146,2023-04-12,24,10,REUMATOLOGIA,240.0,24.0,85.71428571428571
289,146,2023-04-17,12,10,REUMATOLOGIA,180.0,18.0,41.13957385683506
290,146,2023-04-19,2,10,REUMATOLOGIA,240.0,24.0,4.571428571428571
291,146,2023-04-24,5,10,REUMATOLOGIA,180.0,18.0,19.047619047619047
292,146,2023-04-26,6,10,REUMATOLOGIA,240.0,24.0,16.666666666666664
293,146,2023-05-03,6,10,REUMATOLOGIA,240.0,24.0,16.666666666666664
294,146,2023-05-08,4,10,REUMATOLOGIA,180.0,18.0,13.713191285611684
295,146,2023-05-15,2,10,REUMATOLOGIA,180.0,18.0,8.333333333333332
296,146,2023-05-17,2,10,REUMATOLOGIA,240.0,24.0,4.571428571428571
297,146,2023-05-31,3,10,REUMATOLOGIA,240.0,24.0,6.857142857142858
298,146,2023-06-05,4,10,REUMATOLOGIA,180.0,18.0,13.713191285611684
299,146,2023-06-07,2,10,REUMATOLOGIA,240.0,24.0,4.571428571428571
300,146,2023-07-12,1,10,REUMATOLOGIA,240.0,24.0,2.7777777777777777
301,146,2023-09-06,1,10,REUMATOLOGIA,240.0,24.0,2.7777777777777777
302,146,2023-09-11,0,10,REUMATOLOGIA,180.0,18.0,0.0
303,146,2023-11-15,1,10,REUMATOLOGIA,240.0,24.0,2.7777777777777777
304,146,2023-12-04,0,10,REUMATOLOGIA,180.0,18.0,0.0
305,150,2023-01-02,24,10,GINECOLOGÍA,220.0,22.0,80.0
306,150,2023-01-05,24,10,GINECOLOGÍA,300.0,30.0,82.75862068965517
307,150,2023-01-09,20,10,GINECOLOGÍA,220.0,22.0,36.19047619047619
308,150,2023-01-12,27,10,GINECOLOGÍA,300.0,30.0,90.00000000000001
309,150,2023-01-13,24,10,GINECOLOGÍA,240.0,24.0,85.71428571428571
310,150,2023-01-16,16,10,GINECOLOGÍA,220.0,22.0,38.095238095238095
311,150,2023-01-19,24,10,GINECOLOGÍA,300.0,30.0,82.75862068965517
312,150,2023-01-20,22,10,GINECOLOGÍA,240.0,24.0,82.14285714285714
313,150,2023-01-23,23,10,GINECOLOGÍA,220.0,22.0,76.66666666666667
314,150,2023-01-26,26,10,GINECOLOGÍA,300.0,30.0,86.66666666666669
315,150,2023-01-27,24,10,GINECOLOGÍA,240.0,24.0,85.71428571428571
316,150,2023-01-30,17,10,GINECOLOGÍA,220.0,22.0,40.162421557770394
317,150,2023-02-01,19,10,GINECOLOGÍA,180.0,18.0,60.8
318,150,2023-02-02,26,10,GINECOLOGÍA,300.0,30.0,86.66666666666669
319,150,2023-02-06,19,10,GINECOLOGÍA,220.0,22.0,36.19047619047619
320,150,2023-02-09,29,10,GINECOLOGÍA,300.0,30.0,72.5
321,150,2023-02-13,20,10,GINECOLOGÍA,220.0,22.0,36.19047619047619
322,150,2023-02-16,31,10,GINECOLOGÍA,300.0,30.0,77.5
323,150,2023-02-17,19,10,GINECOLOGÍA,240.0,24.0,36.19047619047619
324,150,2023-02-20,18,10,GINECOLOGÍA,220.0,22.0,42.85714285714285
325,150,2023-02-23,30,10,GINECOLOGÍA,300.0,30.0,75.0
326,150,2023-02-24,27,10,GINECOLOGÍA,240.0,24.0,90.00000000000001
327,150,2023-02-27,23,10,GINECOLOGÍA,220.0,22.0,76.66666666666667
328,150,2023-03-02,0,10,GINECOLOGÍA,300.0,30.0,0.0
329,150,2023-03-06,22,10,GINECOLOGÍA,220.0,22.0,73.33333333333333
330,150,2023-03-09,17,10,GINECOLOGÍA,300.0,30.0,38.63636363636363
331,150,2023-03-13,9,10,GINECOLOGÍA,220.0,22.0,25.0
332,150,2023-03-16,6,10,GINECOLOGÍA,300.0,30.0,14.285714285714285
333,150,2023-03-23,4,10,GINECOLOGÍA,300.0,30.0,8.0
334,150,2023-03-27,2,10,GINECOLOGÍA,220.0,22.0,4.0
335,150,2023-03-30,1,10,GINECOLOGÍA,300.0,30.0,2.7777777777777777
336,150,2023-04-03,2,10,GINECOLOGÍA,220.0,22.0,4.0
337,150,2023-04-10,1,10,GINECOLOGÍA,220.0,22.0,2.7777777777777777
338,150,2023-04-13,1,10,GINECOLOGÍA,300.0,30.0,2.7777777777777777
339,150,2023-04-17,1,10,GINECOLOGÍA,220.0,22.0,2.7777777777777777
340,150,2023-04-20,1,10,GINECOLOGÍA,300.0,30.0,2.7777777777777777
341,150,2023-04-24,1,10,GINECOLOGÍA,220.0,22.0,2.7777777777777777
342,150,2023-04-27,1,10,GINECOLOGÍA,300.0,30.0,2.7777777777777777
343,150,2023-05-04,2,10,GINECOLOGÍA,300.0,30.0,4.0
344,150,2023-05-08,1,10,GINECOLOGÍA,220.0,22.0,2.7777777777777777
345,150,2023-05-11,1,10,GINECOLOGÍA,300.0,30.0,2.7777777777777777
346,150,2023-05-15,1,10,GINECOLOGÍA,220.0,22.0,2.7777777777777777
347,150,2023-05-18,1,10,GINECOLOGÍA,300.0,30.0,2.7777777777777777
348,150,2023-05-22,1,10,GINECOLOGÍA,220.0,22.0,2.7777777777777777
349,150,2023-05-25,1,10,GINECOLOGÍA,300.0,30.0,2.7777777777777777
350,150,2023-05-29,1,10,GINECOLOGÍA,220.0,22.0,2.7777777777777777
351,150,2023-06-05,1,10,GINECOLOGÍA,220.0,22.0,2.7777777777777777
352,150,2023-06-12,1,10,GINECOLOGÍA,220.0,22.0,2.7777777777777777
353,150,2023-06-19,1,10,GINECOLOGÍA,220.0,22.0,2.7777777777777777
354,150,2023-06-26,1,10,GINECOLOGÍA,220.0,22.0,2.7777777777777777
355,150,2023-07-03,1,10,GINECOLOGÍA,220.0,22.0,2.7777777777777777
356,150,2023-07-10,1,10,GINECOLOGÍA,220.0,22.0,2.7777777777777777
357,150,2023-07-17,1,10,GINECOLOGÍA,220.0,22.0,2.7777777777777777
358,150,2023-07-24,1,10,GINECOLOGÍA,220.0,22.0,2.7777777777777777
359,150,2023-07-31,1,10,GINECOLOGÍA,220.0,22.0,2.7777777777777777
360,154,2023-01-18,8,15,NEUROLOGIA,90.0,6.0,111.11111111111111
361,154,2023-01-25,8,15,NEUROLOGIA,90.0,6.0,111.11111111111111
362,154,2023-02-08,8,15,NEUROLOGIA,90.0,6.0,111.11111111111111
363,154,2023-02-22,10,15,NEUROLOGIA,90.0,6.0,111.11111111111111
364,154,2023-03-10,9,15,NEUROLOGIA,90.0,6.0,128.57142857142858
365,154,2023-03-24,8,15,NEUROLOGIA,90.0,6.0,114.28571428571428
366,154,2023-04-12,5,15,NEUROLOGIA,90.0,6.0,77.77777777777779
367,154,2023-04-24,2,15,NEUROLOGIA,90.0,6.0,9.523809523809524
368,168,2023-01-13,11,20,ELECTROMIOGRAFIA,240.0,12.0,44.58839738284737
369,168,2023-01-27,4,20,ELECTROMIOGRAFIA,240.0,12.0,13.793103448275861
370,168,2023-02-17,7,20,ELECTROMIOGRAFIA,240.0,12.0,35.0
371,168,2023-02-24,1,20,ELECTROMIOGRAFIA,240.0,12.0,3.5714285714285707
372,221,2023-01-03,0,15,CARDIOLOGIA ,420.0,28.0,0.0
373,221,2023-01-10,26,15,CARDIOLOGIA ,420.0,28.0,89.65517241379311
374,221,2023-01-12,26,15,CARDIOLOGIA ,435.0,29.0,89.65517241379311
375,221,2023-01-17,29,15,CARDIOLOGIA ,420.0,28.0,57.99999999999999
376,221,2023-01-19,30,15,CARDIOLOGIA ,435.0,29.0,57.99999999999999
377,221,2023-01-24,0,15,CARDIOLOGIA ,420.0,28.0,0.0
378,221,2023-01-26,0,15,CARDIOLOGIA ,435.0,29.0,0.0
379,221,2023-01-31,27,15,CARDIOLOGIA ,420.0,28.0,93.10344827586206
380,221,2023-02-02,29,15,CARDIOLOGIA ,435.0,29.0,57.99999999999999
381,221,2023-02-07,25,15,CARDIOLOGIA ,420.0,28.0,86.20689655172413
382,221,2023-02-09,28,15,CARDIOLOGIA ,435.0,29.0,96.55172413793103
383,221,2023-02-14,16,15,CARDIOLOGIA ,420.0,28.0,40.0
384,221,2023-02-16,23,15,CARDIOLOGIA ,435.0,29.0,79.3103448275862
385,221,2023-02-21,16,15,CARDIOLOGIA ,420.0,28.0,40.0
386,221,2023-02-23,29,15,CARDIOLOGIA ,435.0,29.0,57.99999999999999
387,221,2023-02-28,12,15,CARDIOLOGIA ,420.0,28.0,24.0
388,221,2023-03-02,12,15,CARDIOLOGIA ,435.0,29.0,24.0
389,221,2023-03-07,3,15,CARDIOLOGIA ,420.0,28.0,7.6923076923076925
390,221,2023-03-09,5,15,CARDIOLOGIA ,435.0,29.0,11.363636363636363
391,221,2023-03-14,1,15,CARDIOLOGIA ,420.0,28.0,2.5
392,221,2023-03-16,5,15,CARDIOLOGIA ,435.0,29.0,11.363636363636363
393,221,2023-03-21,1,15,CARDIOLOGIA ,420.0,28.0,2.5
394,221,2023-03-30,1,15,CARDIOLOGIA ,435.0,29.0,2.5
395,221,2023-04-18,1,15,CARDIOLOGIA ,420.0,28.0,2.5
396,221,2023-04-25,1,15,CARDIOLOGIA ,420.0,28.0,2.5
397,221,2023-04-27,0,15,CARDIOLOGIA ,435.0,29.0,0.0
398,221,2023-05-02,1,15,CARDIOLOGIA ,420.0,28.0,2.5
399,221,2023-06-22,0,15,CARDIOLOGIA ,435.0,29.0,0.0
400,256,2023-01-02,9,10,CIRUGIA VASCULAR,160.0,16.0,30.85468039262629
401,256,2023-01-09,12,10,CIRUGIA VASCULAR,160.0,16.0,41.13957385683506
402,256,2023-01-16,12,10,CIRUGIA VASCULAR,160.0,16.0,41.13957385683506
403,256,2023-01-23,9,10,CIRUGIA VASCULAR,160.0,16.0,30.85468039262629
404,256,2023-01-30,12,10,CIRUGIA VASCULAR,160.0,16.0,41.13957385683506
405,256,2023-02-06,8,10,CIRUGIA VASCULAR,160.0,16.0,27.426382571223368
406,256,2023-02-13,7,10,CIRUGIA VASCULAR,160.0,16.0,23.99808474982045
407,256,2023-02-20,11,10,CIRUGIA VASCULAR,160.0,16.0,36.666666666666664
408,256,2023-02-27,4,10,CIRUGIA VASCULAR,160.0,16.0,13.713191285611684
409,256,2023-03-06,2,10,CIRUGIA VASCULAR,160.0,16.0,8.333333333333332
410,256,2023-03-13,2,10,CIRUGIA VASCULAR,160.0,16.0,8.333333333333332
411,256,2023-03-27,1,10,CIRUGIA VASCULAR,160.0,16.0,3.3333333333333335
412,261,2023-01-13,12,10,GINECOLOGÍA,170.0,17.0,41.13957385683506
413,261,2023-01-20,16,10,GINECOLOGÍA,170.0,17.0,53.333333333333336
414,261,2023-01-27,16,10,GINECOLOGÍA,170.0,17.0,53.333333333333336
415,261,2023-02-03,16,10,GINECOLOGÍA,170.0,17.0,53.333333333333336
416,261,2023-02-10,12,10,GINECOLOGÍA,170.0,17.0,41.13957385683506
417,261,2023-02-17,15,10,GINECOLOGÍA,170.0,17.0,50.0
418,261,2023-02-24,16,10,GINECOLOGÍA,170.0,17.0,53.333333333333336
419,261,2023-03-03,7,10,GINECOLOGÍA,170.0,17.0,23.99808474982045
420,261,2023-03-10,3,10,GINECOLOGÍA,170.0,17.0,10.284893464208762
421,266,2023-01-09,23,8,UROLOGIA,210.0,26.25,61.33333333333333
422,266,2023-01-16,23,8,UROLOGIA,210.0,26.25,61.33333333333333
423,266,2023-01-28,20,8,UROLOGIA,210.0,26.25,66.66666666666666
424,266,2023-01-30,22,8,UROLOGIA,210.0,26.25,61.33333333333333
425,266,2023-02-06,28,8,UROLOGIA,210.0,26.25,66.66666666666666
426,266,2023-02-13,22,8,UROLOGIA,210.0,26.25,61.33333333333333
427,266,2023-02-18,15,8,UROLOGIA,210.0,26.25,50.0
428,266,2023-02-20,26,8,UROLOGIA,210.0,26.25,69.44444444444444
429,266,2023-02-27,27,8,UROLOGIA,210.0,26.25,69.44444444444444
430,266,2023-03-06,24,8,UROLOGIA,210.0,26.25,61.33333333333333
431,266,2023-03-13,11,8,UROLOGIA,210.0,26.25,16.666666666666664
432,266,2023-03-18,11,8,UROLOGIA,210.0,26.25,16.666666666666664
433,266,2023-03-27,7,8,UROLOGIA,450.0,56.25,17.5
434,270,2023-01-02,0,10,GINECOLOGÍA,250.0,25.0,0.0
435,270,2023-01-03,0,10,GINECOLOGÍA,250.0,25.0,0.0
436,270,2023-01-09,26,10,GINECOLOGÍA,250.0,25.0,69.44444444444444
437,270,2023-01-10,25,10,GINECOLOGÍA,250.0,25.0,69.44444444444444
438,270,2023-01-11,55,10,GINECOLOGÍA,500.0,50.0,108.0
439,270,2023-01-16,22,10,GINECOLOGÍA,250.0,25.0,63.888888888888886
440,270,2023-01-17,20,10,GINECOLOGÍA,250.0,25.0,36.19047619047619
441,270,2023-01-18,51,10,GINECOLOGÍA,500.0,50.0,102.0
442,270,2023-01-23,25,10,GINECOLOGÍA,250.0,25.0,69.44444444444444
443,270,2023-01-24,29,10,GINECOLOGÍA,250.0,25.0,72.5
444,270,2023-01-25,34,10,GINECOLOGÍA,500.0,50.0,79.06976744186046
445,270,2023-01-30,23,10,GINECOLOGÍA,250.0,25.0,63.888888888888886
446,270,2023-01-31,20,10,GINECOLOGÍA,250.0,25.0,36.19047619047619
447,270,2023-02-01,40,10,GINECOLOGÍA,500.0,50.0,48.75
448,270,2023-02-06,21,10,GINECOLOGÍA,250.0,25.0,42.00000000000001
449,270,2023-02-07,21,10,GINECOLOGÍA,250.0,25.0,42.00000000000001
450,270,2023-02-08,46,10,GINECOLOGÍA,500.0,50.0,48.75
451,270,2023-02-13,25,10,GINECOLOGÍA,250.0,25.0,69.44444444444444
452,270,2023-02-14,22,10,GINECOLOGÍA,250.0,25.0,63.888888888888886
453,270,2023-02-15,47,10,GINECOLOGÍA,500.0,50.0,95.55555555555556
454,270,2023-02-20,21,10,GINECOLOGÍA,250.0,25.0,42.00000000000001
455,270,2023-02-21,23,10,GINECOLOGÍA,250.0,25.0,63.888888888888886
456,270,2023-02-22,41,10,GINECOLOGÍA,500.0,50.0,46.666666666666664
457,270,2023-02-27,21,10,GINECOLOGÍA,250.0,25.0,42.00000000000001
458,270,2023-02-28,13,10,GINECOLOGÍA,250.0,25.0,38.88888888888889
459,270,2023-03-01,40,10,GINECOLOGÍA,500.0,50.0,48.75
460,270,2023-03-06,9,10,GINECOLOGÍA,250.0,25.0,25.0
461,270,2023-03-07,7,10,GINECOLOGÍA,250.0,25.0,16.666666666666664
462,270,2023-03-08,35,10,GINECOLOGÍA,500.0,50.0,81.3953488372093
463,270,2023-03-13,4,10,GINECOLOGÍA,250.0,25.0,11.11111111111111
464,270,2023-03-14,3,10,GINECOLOGÍA,250.0,25.0,6.857142857142858
465,270,2023-03-15,7,10,GINECOLOGÍA,500.0,50.0,17.5
466,270,2023-03-21,4,10,GINECOLOGÍA,250.0,25.0,11.11111111111111
467,270,2023-03-22,5,10,GINECOLOGÍA,500.0,50.0,11.363636363636363
468,270,2023-03-27,4,10,GINECOLOGÍA,250.0,25.0,11.11111111111111
469,270,2023-03-28,3,10,GINECOLOGÍA,250.0,25.0,6.857142857142858
470,270,2023-03-29,4,10,GINECOLOGÍA,500.0,50.0,8.0
471,270,2023-04-03,1,10,GINECOLOGÍA,250.0,25.0,2.7777777777777777
472,270,2023-04-04,1,10,GINECOLOGÍA,250.0,25.0,2.7777777777777777
473,270,2023-04-10,1,10,GINECOLOGÍA,250.0,25.0,2.7777777777777777
474,270,2023-04-12,1,10,GINECOLOGÍA,500.0,50.0,2.5
475,270,2023-04-17,2,10,GINECOLOGÍA,250.0,25.0,4.0
476,270,2023-04-24,1,10,GINECOLOGÍA,250.0,25.0,2.7777777777777777
477,270,2023-05-08,1,10,GINECOLOGÍA,250.0,25.0,2.7777777777777777
478,270,2023-05-22,1,10,GINECOLOGÍA,250.0,25.0,2.7777777777777777
479,270,2023-06-14,1,10,GINECOLOGÍA,500.0,50.0,2.5
480,270,2023-11-13,0,10,GINECOLOGÍA,250.0,25.0,0.0
481,270,2023-12-26,0,10,GINECOLOGÍA,250.0,25.0,0.0
482,278,2023-01-05,1,10,MEDICINA GENERAL,60.0,6.0,4.761904761904762
483,278,2023-01-09,2,10,MEDICINA GENERAL,160.0,16.0,6.856595642805842
484,278,2023-01-10,42,10,MEDICINA GENERAL,300.0,30.0,48.75
485,278,2023-01-11,42,10,MEDICINA GENERAL,240.0,24.0,96.0
486,278,2023-01-12,13,10,MEDICINA GENERAL,60.0,6.0,108.33333333333333
487,278,2023-01-13,22,10,MEDICINA GENERAL,280.0,28.0,52.38095238095239
488,278,2023-01-14,40,10,MEDICINA GENERAL,205.5813953488372,20.55813953488372,157.70169978453436
489,278,2023-01-15,18,10,MEDICINA GENERAL,205.5813953488372,20.55813953488372,60.0
490,278,2023-01-16,45,10,MEDICINA GENERAL,160.0,16.0,120.0
491,278,2023-01-17,40,10,MEDICINA GENERAL,300.0,30.0,44.44444444444444
492,278,2023-01-18,31,10,MEDICINA GENERAL,240.0,24.0,73.80952380952381
493,278,2023-01-19,12,10,MEDICINA GENERAL,60.0,6.0,57.14285714285713
494,278,2023-01-20,23,10,MEDICINA GENERAL,280.0,28.0,53.48837209302325
495,278,2023-01-23,43,10,MEDICINA GENERAL,160.0,16.0,136.66666666666666
496,278,2023-01-24,32,10,MEDICINA GENERAL,300.0,30.0,76.19047619047622
497,278,2023-01-25,30,10,MEDICINA GENERAL,240.0,24.0,71.42857142857142
498,278,2023-01-26,33,10,MEDICINA GENERAL,60.0,6.0,146.66666666666666
499,278,2023-01-27,21,10,MEDICINA GENERAL,280.0,28.0,42.00000000000001
500,278,2023-01-30,31,10,MEDICINA GENERAL,160.0,16.0,116.36363636363636
501,278,2023-01-31,43,10,MEDICINA GENERAL,300.0,30.0,41.904761904761905
502,278,2023-02-01,36,10,MEDICINA GENERAL,240.0,24.0,96.0
503,278,2023-02-02,9,10,MEDICINA GENERAL,60.0,6.0,42.85714285714285
504,278,2023-02-03,30,10,MEDICINA GENERAL,280.0,28.0,71.42857142857142
505,278,2023-02-04,26,10,MEDICINA GENERAL,205.5813953488372,20.55813953488372,69.44444444444444
506,278,2023-02-06,30,10,MEDICINA GENERAL,160.0,16.0,116.36363636363636
507,278,2023-02-07,42,10,MEDICINA GENERAL,300.0,30.0,48.75
508,278,2023-02-08,28,10,MEDICINA GENERAL,240.0,24.0,66.66666666666666
509,278,2023-02-09,7,10,MEDICINA GENERAL,60.0,6.0,33.33333333333333
510,278,2023-02-10,22,10,MEDICINA GENERAL,280.0,28.0,52.38095238095239
511,278,2023-02-11,36,10,MEDICINA GENERAL,205.5813953488372,20.55813953488372,96.0
512,278,2023-02-13,27,10,MEDICINA GENERAL,160.0,16.0,90.0
513,278,2023-02-14,39,10,MEDICINA GENERAL,300.0,30.0,44.44444444444444
514,278,2023-02-15,34,10,MEDICINA GENERAL,240.0,24.0,90.66666666666666
515,278,2023-02-16,14,10,MEDICINA GENERAL,60.0,6.0,108.33333333333333
516,278,2023-02-17,14,10,MEDICINA GENERAL,280.0,28.0,33.33333333333333
517,278,2023-02-20,19,10,MEDICINA GENERAL,160.0,16.0,60.8
518,278,2023-02-21,34,10,MEDICINA GENERAL,300.0,30.0,79.06976744186046
519,278,2023-02-22,10,10,MEDICINA GENERAL,240.0,24.0,16.666666666666664
520,278,2023-02-23,3,10,MEDICINA GENERAL,60.0,6.0,17.647058823529413
521,278,2023-02-24,5,10,MEDICINA GENERAL,280.0,28.0,11.904761904761903
522,278,2023-02-27,3,10,MEDICINA GENERAL,160.0,16.0,10.284893464208762
523,278,2023-02-28,2,10,MEDICINA GENERAL,300.0,30.0,4.545454545454546
524,278,2023-03-02,2,10,MEDICINA GENERAL,60.0,6.0,9.30232558139535
525,278,2023-03-03,1,10,MEDICINA GENERAL,280.0,28.0,2.2857142857142856
526,278,2023-03-06,2,10,MEDICINA GENERAL,160.0,16.0,6.856595642805842
527,278,2023-03-08,1,10,MEDICINA GENERAL,240.0,24.0,2.2857142857142856
528,278,2023-04-04,1,10,MEDICINA GENERAL,300.0,30.0,2.2857142857142856
529,279,2023-01-02,12,30,PODOLOGIA,570.0,19.0,63.1578947368421
530,279,2023-01-07,5,30,PODOLOGIA,210.0,7.0,40.0
531,279,2023-01-09,15,30,PODOLOGIA,570.0,19.0,92.68514311676512
532,279,2023-01-13,18,30,PODOLOGIA,570.0,19.0,111.22217174011813
533,279,2023-01-14,7,30,PODOLOGIA,210.0,7.0,69.99999999999999
534,279,2023-01-16,17,30,PODOLOGIA,570.0,19.0,105.04316219900045
535,279,2023-01-20,18,30,PODOLOGIA,570.0,19.0,111.22217174011813
536,279,2023-01-21,1,30,PODOLOGIA,210.0,7.0,6.0606060606060606
537,279,2023-01-23,13,30,PODOLOGIA,570.0,19.0,80.32712403452976
538,279,2023-01-27,20,30,PODOLOGIA,570.0,19.0,123.58019082235347
539,279,2023-01-28,8,30,PODOLOGIA,210.0,7.0,53.333333333333336
540,279,2023-01-30,12,30,PODOLOGIA,570.0,19.0,63.1578947368421
541,279,2023-02-03,15,30,PODOLOGIA,570.0,19.0,92.68514311676512
542,279,2023-02-04,6,30,PODOLOGIA,210.0,7.0,60.0
543,279,2023-02-06,16,30,PODOLOGIA,570.0,19.0,98.86415265788278
544,279,2023-02-10,13,30,PODOLOGIA,570.0,19.0,80.32712403452976
545,279,2023-02-11,9,30,PODOLOGIA,210.0,7.0,59.999999999999986
546,279,2023-02-13,12,30,PODOLOGIA,570.0,19.0,63.1578947368421
547,279,2023-02-17,16,30,PODOLOGIA,570.0,19.0,98.86415265788278
548,279,2023-02-18,7,30,PODOLOGIA,210.0,7.0,69.99999999999999
549,279,2023-02-20,21,30,PODOLOGIA,570.0,19.0,129.75920036347114
550,279,2023-02-24,11,30,PODOLOGIA,570.0,19.0,57.89473684210527
551,279,2023-02-27,8,30,PODOLOGIA,570.0,19.0,49.43207632894139
552,279,2023-03-03,4,30,PODOLOGIA,570.0,19.0,21.052631578947366
553,279,2023-03-04,2,30,PODOLOGIA,210.0,7.0,8.695652173913043
554,279,2023-03-06,2,30,PODOLOGIA,570.0,19.0,8.695652173913043
555,279,2023-03-10,1,30,PODOLOGIA,570.0,19.0,4.3478260869565215
556,279,2023-03-24,3,30,PODOLOGIA,570.0,19.0,13.043478260869565
557,279,2023-03-27,1,30,PODOLOGIA,570.0,19.0,4.3478260869565215
558,279,2023-03-31,2,30,PODOLOGIA,570.0,19.0,8.695652173913043
559,279,2023-04-15,2,30,PODOLOGIA,210.0,7.0,8.695652173913043
560,279,2023-04-24,1,30,PODOLOGIA,570.0,19.0,4.3478260869565215
561,279,2023-04-28,1,30,PODOLOGIA,570.0,19.0,4.3478260869565215
562,279,2023-05-08,1,30,PODOLOGIA,570.0,19.0,4.3478260869565215
563,284,2023-01-04,28,10,APARATO DIGESTIVO,390.0,39.0,56.00000000000001
564,284,2023-01-11,36,10,APARATO DIGESTIVO,390.0,39.0,72.0
565,284,2023-01-18,29,10,APARATO DIGESTIVO,390.0,39.0,57.99999999999999
566,284,2023-01-25,40,10,APARATO DIGESTIVO,390.0,39.0,44.44444444444444
567,284,2023-02-01,38,10,APARATO DIGESTIVO,390.0,39.0,48.75
568,284,2023-02-08,1,10,APARATO DIGESTIVO,390.0,39.0,2.5
569,284,2023-02-15,31,10,APARATO DIGESTIVO,390.0,39.0,66.0
570,284,2023-02-22,54,10,APARATO DIGESTIVO,390.0,39.0,108.0
571,284,2023-03-01,51,10,APARATO DIGESTIVO,390.0,39.0,102.0
572,284,2023-03-08,46,10,APARATO DIGESTIVO,390.0,39.0,48.75
573,284,2023-03-15,41,10,APARATO DIGESTIVO,390.0,39.0,46.666666666666664
574,284,2023-03-22,44,10,APARATO DIGESTIVO,390.0,39.0,46.666666666666664
575,284,2023-03-29,40,10,APARATO DIGESTIVO,390.0,39.0,41.904761904761905
576,284,2023-04-05,0,10,APARATO DIGESTIVO,390.0,39.0,0.0
577,284,2023-04-12,39,10,APARATO DIGESTIVO,390.0,39.0,48.75
578,284,2023-04-19,22,10,APARATO DIGESTIVO,390.0,39.0,45.83333333333333
579,284,2023-04-26,2,10,APARATO DIGESTIVO,390.0,39.0,4.545454545454546
580,284,2023-05-10,1,10,APARATO DIGESTIVO,390.0,39.0,2.5
581,284,2023-05-17,2,10,APARATO DIGESTIVO,390.0,39.0,4.545454545454546
582,284,2023-06-21,1,10,APARATO DIGESTIVO,390.0,39.0,2.5
583,284,2023-07-05,1,10,APARATO DIGESTIVO,390.0,39.0,2.5
584,284,2023-09-06,0,10,APARATO DIGESTIVO,390.0,39.0,0.0
585,284,2023-12-13,0,10,APARATO DIGESTIVO,390.0,39.0,0.0
586,287,2023-01-12,4,30,OTORRINOLARINGOLOGIA,240.0,8.0,24.716038164470696
587,287,2023-01-19,3,30,OTORRINOLARINGOLOGIA,240.0,8.0,15.384615384615385
588,287,2023-01-26,1,30,OTORRINOLARINGOLOGIA,240.0,8.0,5.128205128205128
589,287,2023-02-02,2,30,OTORRINOLARINGOLOGIA,240.0,8.0,8.695652173913043
590,287,2023-02-09,3,30,OTORRINOLARINGOLOGIA,240.0,8.0,15.384615384615385
591,287,2023-02-16,3,30,OTORRINOLARINGOLOGIA,240.0,8.0,15.384615384615385
592,292,2023-01-10,7,20,CARDIOLOGIA ,210.0,10.5,35.0
593,292,2023-01-12,15,20,CARDIOLOGIA ,390.0,19.5,53.57142857142859
594,292,2023-01-17,10,20,CARDIOLOGIA ,210.0,10.5,49.047237121132106
595,292,2023-01-19,15,20,CARDIOLOGIA ,390.0,19.5,53.57142857142859
596,292,2023-01-24,0,20,CARDIOLOGIA ,210.0,10.5,0.0
597,292,2023-01-26,0,20,CARDIOLOGIA ,390.0,19.5,0.0
598,292,2023-01-31,10,20,CARDIOLOGIA ,210.0,10.5,49.047237121132106
599,292,2023-02-02,14,20,CARDIOLOGIA ,390.0,19.5,48.275862068965516
600,292,2023-02-07,6,20,CARDIOLOGIA ,210.0,10.5,26.75303842970842
601,292,2023-02-09,14,20,CARDIOLOGIA ,390.0,19.5,48.275862068965516
602,292,2023-02-14,10,20,CARDIOLOGIA ,210.0,10.5,49.047237121132106
603,292,2023-02-16,9,20,CARDIOLOGIA ,390.0,19.5,30.0
604,292,2023-02-21,7,20,CARDIOLOGIA ,210.0,10.5,35.0
605,292,2023-02-23,15,20,CARDIOLOGIA ,390.0,19.5,53.57142857142859
606,292,2023-02-28,9,20,CARDIOLOGIA ,210.0,10.5,30.0
607,292,2023-03-02,8,20,CARDIOLOGIA ,390.0,19.5,28.571428571428566
608,292,2023-03-07,2,20,CARDIOLOGIA ,210.0,10.5,10.000000000000002
609,292,2023-03-09,1,20,CARDIOLOGIA ,390.0,19.5,4.3478260869565215
610,296,2023-01-02,0,10,CARDIOLOGIA ,170.0,17.0,0.0
611,296,2023-01-09,15,10,CARDIOLOGIA ,170.0,17.0,50.0
612,296,2023-01-16,0,10,CARDIOLOGIA ,170.0,17.0,0.0
613,296,2023-01-23,13,10,CARDIOLOGIA ,170.0,17.0,43.333333333333336
614,296,2023-01-30,7,10,CARDIOLOGIA ,170.0,17.0,23.99808474982045
615,296,2023-02-06,6,10,CARDIOLOGIA ,170.0,17.0,20.569786928417525
616,296,2023-02-13,13,10,CARDIOLOGIA ,170.0,17.0,43.333333333333336
617,296,2023-02-20,6,10,CARDIOLOGIA ,170.0,17.0,20.569786928417525
618,296,2023-02-27,1,10,CARDIOLOGIA ,170.0,17.0,3.3333333333333335
619,296,2023-03-06,11,10,CARDIOLOGIA ,170.0,17.0,36.666666666666664
620,296,2023-03-13,2,10,CARDIOLOGIA ,170.0,17.0,8.333333333333332
621,296,2023-03-27,1,10,CARDIOLOGIA ,170.0,17.0,3.3333333333333335
622,300,2023-01-12,2,15,PSICOLOGÍA,180.0,12.0,8.0
623,300,2023-01-26,2,15,PSICOLOGÍA,180.0,12.0,8.0
624,300,2023-02-02,2,15,PSICOLOGÍA,180.0,12.0,8.333333333333332
625,300,2023-02-23,4,15,PSICOLOGÍA,180.0,12.0,12.0
626,300,2023-03-09,3,15,PSICOLOGÍA,180.0,12.0,12.0
627,301,2023-02-07,0,8,TRAUMATOLOGIA,228.33537331701345,28.54192166462668,0.0
628,301,2023-03-21,0,8,TRAUMATOLOGIA,228.33537331701345,28.54192166462668,0.0
629,320,2023-01-02,14,10,REHABILITACION,210.0,21.0,50.0
630,320,2023-01-09,18,10,REHABILITACION,210.0,21.0,60.0
631,320,2023-01-16,15,10,REHABILITACION,210.0,21.0,50.0
632,320,2023-01-17,9,10,REHABILITACION,100.0,10.0,42.85714285714285
633,320,2023-01-23,2,10,REHABILITACION,210.0,21.0,4.571428571428571
634,320,2023-01-30,18,10,REHABILITACION,210.0,21.0,60.0
635,320,2023-02-06,17,10,REHABILITACION,210.0,21.0,60.0
636,320,2023-02-13,19,10,REHABILITACION,210.0,21.0,63.33333333333333
637,320,2023-02-20,16,10,REHABILITACION,210.0,21.0,50.0
638,320,2023-02-27,21,10,REHABILITACION,210.0,21.0,70.0
639,320,2023-03-06,11,10,REHABILITACION,210.0,21.0,16.666666666666664
640,320,2023-03-13,7,10,REHABILITACION,210.0,21.0,16.666666666666664
641,320,2023-03-27,8,10,REHABILITACION,210.0,21.0,19.047619047619047
642,320,2023-04-03,6,10,REHABILITACION,210.0,21.0,16.666666666666664
643,348,2023-01-03,30,15,ENDOCRINOLOGIA,225.0,15.0,83.67645105591711
644,348,2023-01-04,27,15,ENDOCRINOLOGIA,225.0,15.0,102.55331398054895
645,348,2023-01-11,21,15,ENDOCRINOLOGIA,225.0,15.0,51.28205128205128
646,348,2023-01-18,28,15,ENDOCRINOLOGIA,225.0,15.0,102.55331398054895
647,348,2023-01-25,29,15,ENDOCRINOLOGIA,225.0,15.0,77.33333333333333
648,348,2023-02-01,33,15,ENDOCRINOLOGIA,225.0,15.0,92.04409616150883
649,348,2023-02-08,33,15,ENDOCRINOLOGIA,225.0,15.0,89.25488112631159
650,348,2023-02-15,28,15,ENDOCRINOLOGIA,225.0,15.0,102.55331398054895
651,348,2023-02-22,36,15,ENDOCRINOLOGIA,225.0,15.0,96.0
652,348,2023-03-01,45,15,ENDOCRINOLOGIA,225.0,15.0,102.85714285714285
653,348,2023-03-08,39,15,ENDOCRINOLOGIA,225.0,15.0,86.85714285714286
654,348,2023-03-15,39,15,ENDOCRINOLOGIA,225.0,15.0,89.14285714285714
655,348,2023-03-22,39,15,ENDOCRINOLOGIA,225.0,15.0,89.14285714285714
656,348,2023-03-29,38,15,ENDOCRINOLOGIA,225.0,15.0,89.14285714285714
657,348,2023-04-05,38,15,ENDOCRINOLOGIA,225.0,15.0,86.85714285714286
658,348,2023-04-12,39,15,ENDOCRINOLOGIA,225.0,15.0,89.14285714285714
659,348,2023-04-19,38,15,ENDOCRINOLOGIA,225.0,15.0,89.14285714285714
660,348,2023-04-26,37,15,ENDOCRINOLOGIA,225.0,15.0,103.20095630229777
661,348,2023-05-03,31,15,ENDOCRINOLOGIA,225.0,15.0,86.46566609111436
662,348,2023-05-10,29,15,ENDOCRINOLOGIA,225.0,15.0,77.33333333333333
663,348,2023-05-17,21,15,ENDOCRINOLOGIA,225.0,15.0,51.28205128205128
664,348,2023-05-24,18,15,ENDOCRINOLOGIA,225.0,15.0,58.06451612903226
665,348,2023-05-31,19,15,ENDOCRINOLOGIA,225.0,15.0,52.77777777777778
666,348,2023-06-07,26,15,ENDOCRINOLOGIA,225.0,15.0,102.55331398054895
667,348,2023-06-14,29,15,ENDOCRINOLOGIA,225.0,15.0,77.33333333333333
668,348,2023-06-21,21,15,ENDOCRINOLOGIA,225.0,15.0,51.28205128205128
669,348,2023-06-28,20,15,ENDOCRINOLOGIA,225.0,15.0,51.28205128205128
670,348,2023-07-05,18,15,ENDOCRINOLOGIA,225.0,15.0,58.06451612903226
671,348,2023-07-12,15,15,ENDOCRINOLOGIA,225.0,15.0,51.61290322580645
672,348,2023-09-06,0,15,ENDOCRINOLOGIA,225.0,15.0,0.0
673,348,2023-09-20,7,15,ENDOCRINOLOGIA,225.0,15.0,16.666666666666664
674,348,2023-09-27,1,15,ENDOCRINOLOGIA,225.0,15.0,2.7777777777777777
675,348,2023-10-04,1,15,ENDOCRINOLOGIA,225.0,15.0,2.7777777777777777
676,348,2023-10-18,2,15,ENDOCRINOLOGIA,225.0,15.0,5.555555555555555
677,348,2023-11-08,1,15,ENDOCRINOLOGIA,225.0,15.0,2.7777777777777777
678,351,2023-01-10,2,30,GINECOLOGÍA,90.0,3.0,33.33333333333333
679,351,2023-01-17,1,30,GINECOLOGÍA,90.0,3.0,16.666666666666664
680,351,2023-01-31,1,30,GINECOLOGÍA,90.0,3.0,16.666666666666664
681,351,2023-02-07,2,30,GINECOLOGÍA,90.0,3.0,33.33333333333333
682,351,2023-02-14,2,30,GINECOLOGÍA,90.0,3.0,33.33333333333333
683,351,2023-02-21,3,30,GINECOLOGÍA,90.0,3.0,75.0
684,351,2023-03-07,1,30,GINECOLOGÍA,90.0,3.0,16.666666666666664
685,351,2023-03-14,2,30,GINECOLOGÍA,90.0,3.0,33.33333333333333
686,356,2023-01-04,36,6,TRAUMATOLOGIA,210.0,35.0,96.0
687,356,2023-01-11,35,6,TRAUMATOLOGIA,210.0,35.0,96.0
688,356,2023-01-13,28,6,TRAUMATOLOGIA,180.0,30.0,66.66666666666666
689,356,2023-01-18,35,6,TRAUMATOLOGIA,210.0,35.0,96.0
690,356,2023-01-20,0,6,TRAUMATOLOGIA,208.42105263157896,34.73684210526316,0.0
691,356,2023-01-25,41,6,TRAUMATOLOGIA,210.0,35.0,54.166666666666664
692,356,2023-02-01,37,6,TRAUMATOLOGIA,210.0,35.0,103.20095630229777
693,356,2023-02-06,37,6,TRAUMATOLOGIA,210.0,35.0,103.20095630229777
694,356,2023-02-08,0,6,TRAUMATOLOGIA,210.0,35.0,0.0
695,356,2023-02-10,35,6,TRAUMATOLOGIA,210.0,35.0,96.0
696,356,2023-02-15,0,6,TRAUMATOLOGIA,210.0,35.0,0.0
697,356,2023-02-22,48,6,TRAUMATOLOGIA,210.0,35.0,128.0
698,356,2023-03-01,39,6,TRAUMATOLOGIA,210.0,35.0,54.166666666666664
699,356,2023-03-08,35,6,TRAUMATOLOGIA,210.0,35.0,96.0
700,356,2023-03-13,36,6,TRAUMATOLOGIA,210.0,35.0,96.0
701,356,2023-03-22,15,6,TRAUMATOLOGIA,210.0,35.0,50.0
702,356,2023-03-29,1,6,TRAUMATOLOGIA,210.0,35.0,2.666666666666667
703,356,2023-04-12,1,6,TRAUMATOLOGIA,210.0,35.0,2.666666666666667
704,358,2023-01-05,6,12,Urología/salud sexual y reproductiva/andrología,180.0,15.0,28.57142857142857
705,358,2023-01-12,12,12,Urología/salud sexual y reproductiva/andrología,180.0,15.0,54.54545454545454
706,358,2023-03-02,14,12,Urología/salud sexual y reproductiva/andrología,180.0,15.0,56.00000000000001
707,358,2023-03-23,1,12,Urología/salud sexual y reproductiva/andrología,180.0,15.0,4.0
708,358,2023-04-20,1,12,Urología/salud sexual y reproductiva/andrología,180.0,15.0,4.0
709,360,2023-01-18,0,45,PSICOLOGÍA,225.0,5.0,0.0
710,360,2023-02-07,4,45,PSICOLOGÍA,225.0,5.0,26.666666666666668
711,360,2023-02-14,1,45,PSICOLOGÍA,225.0,5.0,10.0
712,360,2023-02-28,1,45,PSICOLOGÍA,225.0,5.0,10.0
713,360,2023-03-07,3,45,PSICOLOGÍA,225.0,5.0,20.0
714,362,2023-01-03,13,12,NEUROLOGIA,240.0,20.0,38.88888888888889
715,362,2023-01-10,17,12,NEUROLOGIA,240.0,20.0,40.162421557770394
716,362,2023-01-17,15,12,NEUROLOGIA,240.0,20.0,38.095238095238095
717,362,2023-01-24,18,12,NEUROLOGIA,240.0,20.0,42.85714285714285
718,362,2023-01-31,21,12,NEUROLOGIA,240.0,20.0,52.77777777777778
719,362,2023-02-14,20,12,NEUROLOGIA,240.0,20.0,52.77777777777778
720,362,2023-02-21,23,12,NEUROLOGIA,240.0,20.0,63.888888888888886
721,362,2023-02-28,20,12,NEUROLOGIA,240.0,20.0,52.77777777777778
722,362,2023-03-07,20,12,NEUROLOGIA,240.0,20.0,52.77777777777778
723,362,2023-03-14,19,12,NEUROLOGIA,240.0,20.0,52.77777777777778
724,362,2023-03-21,12,12,NEUROLOGIA,240.0,20.0,33.33333333333333
725,362,2023-03-28,2,12,NEUROLOGIA,240.0,20.0,4.571428571428571
726,364,2023-01-10,23,10,GINECOLOGÍA,190.0,19.0,61.33333333333333
727,364,2023-01-17,16,10,GINECOLOGÍA,190.0,19.0,50.0
728,364,2023-01-24,21,10,GINECOLOGÍA,190.0,19.0,70.0
729,364,2023-01-31,18,10,GINECOLOGÍA,190.0,19.0,60.0
730,364,2023-02-07,20,10,GINECOLOGÍA,190.0,19.0,66.66666666666666
731,364,2023-02-14,24,10,GINECOLOGÍA,190.0,19.0,61.33333333333333
732,364,2023-02-28,25,10,GINECOLOGÍA,190.0,19.0,69.44444444444444
733,364,2023-03-07,2,10,GINECOLOGÍA,190.0,19.0,8.333333333333332
734,364,2023-03-14,26,10,GINECOLOGÍA,190.0,19.0,69.44444444444444
735,364,2023-03-21,1,10,GINECOLOGÍA,190.0,19.0,3.3333333333333335
736,364,2023-03-22,19,10,GINECOLOGÍA,190.0,19.0,65.51724137931035
737,364,2023-03-28,20,10,GINECOLOGÍA,190.0,19.0,66.66666666666666
738,364,2023-04-11,5,10,GINECOLOGÍA,190.0,19.0,13.88888888888889
739,364,2023-04-18,1,10,GINECOLOGÍA,190.0,19.0,3.3333333333333335
740,364,2023-04-25,2,10,GINECOLOGÍA,190.0,19.0,8.333333333333332
741,364,2023-05-09,1,10,GINECOLOGÍA,190.0,19.0,3.3333333333333335
742,364,2023-05-16,1,10,GINECOLOGÍA,190.0,19.0,3.3333333333333335
743,364,2023-05-23,1,10,GINECOLOGÍA,190.0,19.0,3.3333333333333335
744,364,2023-05-30,1,10,GINECOLOGÍA,190.0,19.0,3.3333333333333335
745,364,2023-06-06,1,10,GINECOLOGÍA,190.0,19.0,3.3333333333333335
746,364,2023-06-13,1,10,GINECOLOGÍA,190.0,19.0,3.3333333333333335
747,364,2023-06-20,1,10,GINECOLOGÍA,190.0,19.0,3.3333333333333335
748,364,2023-06-27,1,10,GINECOLOGÍA,190.0,19.0,3.3333333333333335
749,364,2023-07-04,1,10,GINECOLOGÍA,190.0,19.0,3.3333333333333335
750,364,2023-07-11,1,10,GINECOLOGÍA,190.0,19.0,3.3333333333333335
751,364,2023-07-18,1,10,GINECOLOGÍA,190.0,19.0,3.3333333333333335
752,364,2023-07-25,1,10,GINECOLOGÍA,190.0,19.0,3.3333333333333335
753,364,2023-08-01,1,10,GINECOLOGÍA,190.0,19.0,3.3333333333333335
754,364,2023-08-08,1,10,GINECOLOGÍA,190.0,19.0,3.3333333333333335
755,364,2023-08-22,1,10,GINECOLOGÍA,190.0,19.0,3.3333333333333335
756,364,2023-08-29,1,10,GINECOLOGÍA,190.0,19.0,3.3333333333333335
757,364,2023-09-05,1,10,GINECOLOGÍA,190.0,19.0,3.3333333333333335
758,364,2023-09-12,1,10,GINECOLOGÍA,190.0,19.0,3.3333333333333335
759,364,2023-09-19,1,10,GINECOLOGÍA,190.0,19.0,3.3333333333333335
760,364,2023-09-26,1,10,GINECOLOGÍA,190.0,19.0,3.3333333333333335
761,364,2023-10-03,1,10,GINECOLOGÍA,190.0,19.0,3.3333333333333335
762,364,2023-10-10,1,10,GINECOLOGÍA,190.0,19.0,3.3333333333333335
763,364,2023-10-17,1,10,GINECOLOGÍA,190.0,19.0,3.3333333333333335
764,364,2023-10-24,1,10,GINECOLOGÍA,190.0,19.0,3.3333333333333335
765,364,2023-10-31,1,10,GINECOLOGÍA,190.0,19.0,3.3333333333333335
766,364,2023-11-07,1,10,GINECOLOGÍA,190.0,19.0,3.3333333333333335
767,364,2023-11-14,1,10,GINECOLOGÍA,190.0,19.0,3.3333333333333335
768,364,2023-11-21,1,10,GINECOLOGÍA,190.0,19.0,3.3333333333333335
769,364,2023-11-28,1,10,GINECOLOGÍA,190.0,19.0,3.3333333333333335
770,364,2023-12-05,1,10,GINECOLOGÍA,190.0,19.0,3.3333333333333335
771,364,2023-12-12,1,10,GINECOLOGÍA,190.0,19.0,3.3333333333333335
772,364,2023-12-19,1,10,GINECOLOGÍA,190.0,19.0,3.3333333333333335
773,364,2023-12-26,1,10,GINECOLOGÍA,190.0,19.0,3.3333333333333335
774,367,2023-01-02,1,15,CARDIOLOGIA ,300.0,20.0,2.7777777777777777
775,367,2023-01-04,1,15,CARDIOLOGIA ,300.0,20.0,2.7777777777777777
776,367,2023-01-11,1,15,CARDIOLOGIA ,300.0,20.0,2.7777777777777777
777,367,2023-01-16,1,15,CARDIOLOGIA ,300.0,20.0,2.7777777777777777
778,367,2023-01-18,2,15,CARDIOLOGIA ,300.0,20.0,5.555555555555555
779,367,2023-01-19,1,15,CARDIOLOGIA ,300.0,20.0,2.7777777777777777
780,367,2023-01-20,2,15,CARDIOLOGIA ,300.0,20.0,5.555555555555555
781,367,2023-01-27,1,15,CARDIOLOGIA ,300.0,20.0,2.7777777777777777
782,367,2023-01-30,2,15,CARDIOLOGIA ,300.0,20.0,5.555555555555555
783,367,2023-01-31,1,15,CARDIOLOGIA ,300.0,20.0,2.7777777777777777
784,367,2023-02-02,1,15,CARDIOLOGIA ,300.0,20.0,2.7777777777777777
785,367,2023-02-03,1,15,CARDIOLOGIA ,300.0,20.0,2.7777777777777777
786,367,2023-02-06,3,15,CARDIOLOGIA ,300.0,20.0,7.6923076923076925
787,367,2023-02-08,3,15,CARDIOLOGIA ,300.0,20.0,7.6923076923076925
788,367,2023-02-15,2,15,CARDIOLOGIA ,300.0,20.0,5.555555555555555
789,367,2023-02-17,1,15,CARDIOLOGIA ,300.0,20.0,2.7777777777777777
790,367,2023-02-22,2,15,CARDIOLOGIA ,300.0,20.0,5.555555555555555
791,372,2023-01-12,14,10,ALERGOLOGÍA,250.0,25.0,38.88888888888889
792,372,2023-01-19,14,10,ALERGOLOGÍA,250.0,25.0,38.88888888888889
793,372,2023-01-26,7,10,ALERGOLOGÍA,250.0,25.0,16.666666666666664
794,372,2023-02-02,7,10,ALERGOLOGÍA,250.0,25.0,16.666666666666664
795,372,2023-02-09,18,10,ALERGOLOGÍA,250.0,25.0,42.85714285714285
796,372,2023-02-16,15,10,ALERGOLOGÍA,250.0,25.0,38.095238095238095
797,372,2023-02-23,21,10,ALERGOLOGÍA,250.0,25.0,52.77777777777778
798,372,2023-03-02,12,10,ALERGOLOGÍA,250.0,25.0,33.33333333333333
799,372,2023-03-09,6,10,ALERGOLOGÍA,250.0,25.0,16.666666666666664
800,372,2023-03-16,4,10,ALERGOLOGÍA,250.0,25.0,11.11111111111111
801,372,2023-03-23,3,10,ALERGOLOGÍA,250.0,25.0,6.857142857142858
802,381,2023-01-03,0,20,NUTRICION,300.0,15.0,0.0
803,381,2023-01-04,7,20,NUTRICION,460.0,23.0,25.0
804,381,2023-01-10,7,20,NUTRICION,300.0,15.0,25.0
805,381,2023-01-11,12,20,NUTRICION,460.0,23.0,42.85714285714286
806,381,2023-01-12,6,20,NUTRICION,300.0,15.0,20.689655172413794
807,381,2023-01-17,2,20,NUTRICION,300.0,15.0,6.896551724137931
808,381,2023-01-18,13,20,NUTRICION,460.0,23.0,57.964916597701574
809,381,2023-01-19,7,20,NUTRICION,300.0,15.0,25.0
810,381,2023-01-24,8,20,NUTRICION,300.0,15.0,28.571428571428566
811,381,2023-01-25,11,20,NUTRICION,460.0,23.0,39.28571428571429
812,381,2023-01-26,9,20,NUTRICION,300.0,15.0,32.14285714285714
813,381,2023-01-31,5,20,NUTRICION,300.0,15.0,17.857142857142858
814,381,2023-02-01,10,20,NUTRICION,460.0,23.0,35.714285714285715
815,381,2023-02-02,8,20,NUTRICION,300.0,15.0,28.571428571428566
816,381,2023-02-07,7,20,NUTRICION,300.0,15.0,25.0
817,381,2023-02-08,14,20,NUTRICION,460.0,23.0,62.42375633598631
818,381,2023-02-09,9,20,NUTRICION,300.0,15.0,32.14285714285714
819,381,2023-02-14,7,20,NUTRICION,300.0,15.0,25.0
820,381,2023-02-15,9,20,NUTRICION,460.0,23.0,32.14285714285714
821,381,2023-02-16,7,20,NUTRICION,300.0,15.0,25.0
822,381,2023-02-21,6,20,NUTRICION,300.0,15.0,20.689655172413794
823,381,2023-02-22,16,20,NUTRICION,460.0,23.0,71.34143581255579
824,381,2023-02-23,10,20,NUTRICION,300.0,15.0,35.714285714285715
825,381,2023-02-28,6,20,NUTRICION,300.0,15.0,20.689655172413794
826,381,2023-03-01,11,20,NUTRICION,460.0,23.0,39.28571428571429
827,381,2023-03-02,9,20,NUTRICION,300.0,15.0,32.14285714285714
828,381,2023-03-07,6,20,NUTRICION,300.0,15.0,20.689655172413794
829,381,2023-03-08,3,20,NUTRICION,460.0,23.0,13.37651921485421
830,381,2023-03-09,6,20,NUTRICION,300.0,15.0,20.689655172413794
831,381,2023-03-14,1,20,NUTRICION,300.0,15.0,4.3478260869565215
832,381,2023-03-15,1,20,NUTRICION,460.0,23.0,4.3478260869565215
833,381,2023-03-16,2,20,NUTRICION,300.0,15.0,6.896551724137931
834,381,2023-03-22,1,20,NUTRICION,460.0,23.0,4.3478260869565215
835,381,2023-03-23,1,20,NUTRICION,300.0,15.0,4.3478260869565215
836,381,2023-03-28,1,20,NUTRICION,300.0,15.0,4.3478260869565215
837,381,2023-04-13,1,20,NUTRICION,300.0,15.0,4.3478260869565215
838,381,2023-04-18,1,20,NUTRICION,300.0,15.0,4.3478260869565215
839,381,2023-09-21,0,20,NUTRICION,300.0,15.0,0.0
840,426,2023-01-02,40,10,MEDICINA GENERAL,420.0,42.0,48.75
841,426,2023-01-03,39,10,MEDICINA GENERAL,420.0,42.0,48.75
842,426,2023-01-04,40,10,MEDICINA GENERAL,420.0,42.0,48.75
843,426,2023-01-05,31,10,MEDICINA GENERAL,540.0,54.0,66.0
844,426,2023-01-06,5,10,MEDICINA GENERAL,420.0,42.0,11.904761904761903
845,426,2023-01-07,20,10,MEDICINA GENERAL,443.52941176470586,44.35294117647059,45.45454545454545
846,426,2023-01-08,7,10,MEDICINA GENERAL,443.52941176470586,44.35294117647059,17.5
847,426,2023-01-09,45,10,MEDICINA GENERAL,420.0,42.0,48.75
848,426,2023-01-10,42,10,MEDICINA GENERAL,420.0,42.0,48.75
849,426,2023-01-11,47,10,MEDICINA GENERAL,420.0,42.0,101.11111111111111
850,426,2023-01-12,6,10,MEDICINA GENERAL,540.0,54.0,14.285714285714285
851,426,2023-01-13,53,10,MEDICINA GENERAL,420.0,42.0,108.0
852,426,2023-01-16,42,10,MEDICINA GENERAL,420.0,42.0,46.666666666666664
853,426,2023-01-17,42,10,MEDICINA GENERAL,420.0,42.0,46.666666666666664
854,426,2023-01-18,39,10,MEDICINA GENERAL,420.0,42.0,44.44444444444444
855,426,2023-01-19,40,10,MEDICINA GENERAL,540.0,54.0,44.44444444444444
856,426,2023-01-20,33,10,MEDICINA GENERAL,420.0,42.0,66.0
857,426,2023-01-21,24,10,MEDICINA GENERAL,443.52941176470586,44.35294117647059,48.0
858,426,2023-01-22,14,10,MEDICINA GENERAL,443.52941176470586,44.35294117647059,21.311475409836063
859,426,2023-01-23,32,10,MEDICINA GENERAL,420.0,42.0,62.0
860,426,2023-01-24,38,10,MEDICINA GENERAL,420.0,42.0,44.44444444444444
861,426,2023-01-25,39,10,MEDICINA GENERAL,420.0,42.0,44.44444444444444
862,426,2023-01-26,39,10,MEDICINA GENERAL,540.0,54.0,41.904761904761905
863,426,2023-01-27,39,10,MEDICINA GENERAL,420.0,42.0,41.904761904761905
864,426,2023-01-28,26,10,MEDICINA GENERAL,443.52941176470586,44.35294117647059,54.0
865,426,2023-01-30,42,10,MEDICINA GENERAL,420.0,42.0,41.904761904761905
866,426,2023-01-31,44,10,MEDICINA GENERAL,420.0,42.0,41.904761904761905
867,426,2023-02-01,39,10,MEDICINA GENERAL,420.0,42.0,48.75
868,426,2023-02-02,61,10,MEDICINA GENERAL,540.0,54.0,157.14285714285714
869,426,2023-02-03,43,10,MEDICINA GENERAL,420.0,42.0,48.75
870,426,2023-02-06,45,10,MEDICINA GENERAL,420.0,42.0,48.75
871,426,2023-02-07,40,10,MEDICINA GENERAL,420.0,42.0,48.75
872,426,2023-02-08,41,10,MEDICINA GENERAL,420.0,42.0,48.75
873,426,2023-02-09,51,10,MEDICINA GENERAL,540.0,54.0,102.0
874,426,2023-02-10,45,10,MEDICINA GENERAL,420.0,42.0,48.75
875,426,2023-02-13,43,10,MEDICINA GENERAL,420.0,42.0,46.666666666666664
876,426,2023-02-14,0,10,MEDICINA GENERAL,420.0,42.0,0.0
877,426,2023-02-15,38,10,MEDICINA GENERAL,420.0,42.0,44.44444444444444
878,426,2023-02-16,54,10,MEDICINA GENERAL,540.0,54.0,108.0
879,426,2023-02-17,42,10,MEDICINA GENERAL,420.0,42.0,46.666666666666664
880,426,2023-02-18,30,10,MEDICINA GENERAL,443.52941176470586,44.35294117647059,57.99999999999999
881,426,2023-02-20,38,10,MEDICINA GENERAL,420.0,42.0,44.44444444444444
882,426,2023-02-21,43,10,MEDICINA GENERAL,420.0,42.0,46.666666666666664
883,426,2023-02-22,31,10,MEDICINA GENERAL,420.0,42.0,62.0
884,426,2023-02-23,38,10,MEDICINA GENERAL,540.0,54.0,44.44444444444444
885,426,2023-02-24,6,10,MEDICINA GENERAL,420.0,42.0,14.285714285714285
886,426,2023-02-25,2,10,MEDICINA GENERAL,443.52941176470586,44.35294117647059,4.545454545454546
887,426,2023-02-27,9,10,MEDICINA GENERAL,420.0,42.0,21.428571428571427
888,426,2023-03-01,6,10,MEDICINA GENERAL,420.0,42.0,8.333333333333332
889,426,2023-03-02,0,10,MEDICINA GENERAL,540.0,54.0,0.0
890,426,2023-03-03,2,10,MEDICINA GENERAL,420.0,42.0,4.545454545454546
891,426,2023-03-06,4,10,MEDICINA GENERAL,420.0,42.0,9.523809523809524
892,426,2023-03-08,1,10,MEDICINA GENERAL,420.0,42.0,2.2857142857142856
893,426,2023-03-09,1,10,MEDICINA GENERAL,540.0,54.0,2.2857142857142856
894,426,2023-03-10,1,10,MEDICINA GENERAL,420.0,42.0,2.2857142857142856
895,426,2023-03-13,1,10,MEDICINA GENERAL,420.0,42.0,2.2857142857142856
896,426,2023-03-17,1,10,MEDICINA GENERAL,420.0,42.0,2.2857142857142856
897,426,2023-04-26,1,10,MEDICINA GENERAL,420.0,42.0,2.2857142857142856
898,512,2023-01-03,1,30,MEDICINA ESTÉTICA,300.0,10.0,4.3478260869565215
899,512,2023-01-05,0,30,MEDICINA ESTÉTICA,240.0,8.0,0.0
900,512,2023-01-09,2,30,MEDICINA ESTÉTICA,240.0,8.0,12.5
901,512,2023-01-10,3,30,MEDICINA ESTÉTICA,300.0,10.0,13.043478260869565
902,512,2023-01-11,3,30,MEDICINA ESTÉTICA,240.0,8.0,15.384615384615385
903,512,2023-01-12,4,30,MEDICINA ESTÉTICA,240.0,8.0,17.391304347826086
904,512,2023-01-13,1,30,MEDICINA ESTÉTICA,480.0,16.0,4.3478260869565215
905,512,2023-01-16,2,30,MEDICINA ESTÉTICA,240.0,8.0,12.5
906,512,2023-01-17,2,30,MEDICINA ESTÉTICA,300.0,10.0,12.5
907,512,2023-01-18,1,30,MEDICINA ESTÉTICA,240.0,8.0,6.666666666666667
908,512,2023-01-20,2,30,MEDICINA ESTÉTICA,480.0,16.0,12.5
909,512,2023-01-24,2,30,MEDICINA ESTÉTICA,300.0,10.0,12.5
910,512,2023-01-25,2,30,MEDICINA ESTÉTICA,240.0,8.0,12.5
911,512,2023-01-27,3,30,MEDICINA ESTÉTICA,480.0,16.0,13.043478260869565
912,512,2023-02-01,1,30,MEDICINA ESTÉTICA,240.0,8.0,6.666666666666667
913,512,2023-02-02,2,30,MEDICINA ESTÉTICA,240.0,8.0,12.5
914,512,2023-02-03,1,30,MEDICINA ESTÉTICA,480.0,16.0,4.3478260869565215
915,512,2023-02-07,2,30,MEDICINA ESTÉTICA,300.0,10.0,12.5
916,512,2023-02-09,1,30,MEDICINA ESTÉTICA,240.0,8.0,6.666666666666667
917,512,2023-02-13,0,30,MEDICINA ESTÉTICA,240.0,8.0,0.0
918,512,2023-02-14,3,30,MEDICINA ESTÉTICA,300.0,10.0,13.043478260869565
919,512,2023-02-15,3,30,MEDICINA ESTÉTICA,240.0,8.0,15.384615384615385
920,512,2023-02-16,0,30,MEDICINA ESTÉTICA,240.0,8.0,0.0
921,512,2023-02-17,2,30,MEDICINA ESTÉTICA,480.0,16.0,12.5
922,512,2023-02-20,0,30,MEDICINA ESTÉTICA,240.0,8.0,0.0
923,512,2023-02-21,1,30,MEDICINA ESTÉTICA,300.0,10.0,4.3478260869565215
924,512,2023-02-22,2,30,MEDICINA ESTÉTICA,240.0,8.0,12.5
925,512,2023-02-27,1,30,MEDICINA ESTÉTICA,240.0,8.0,6.666666666666667
926,512,2023-03-02,1,30,MEDICINA ESTÉTICA,240.0,8.0,6.666666666666667
927,512,2023-03-03,1,30,MEDICINA ESTÉTICA,480.0,16.0,4.3478260869565215
928,512,2023-03-07,1,30,MEDICINA ESTÉTICA,300.0,10.0,4.3478260869565215
929,512,2023-11-30,1,30,MEDICINA ESTÉTICA,240.0,8.0,6.666666666666667
930,517,2023-01-09,9,30,MEDICINA ESTÉTICA,240.0,8.0,46.15384615384615
931,517,2023-01-16,3,30,MEDICINA ESTÉTICA,240.0,8.0,15.384615384615385
932,517,2023-01-23,6,30,MEDICINA ESTÉTICA,240.0,8.0,40.000000000000014
933,517,2023-01-30,3,30,MEDICINA ESTÉTICA,240.0,8.0,15.384615384615385
934,517,2023-02-06,5,30,MEDICINA ESTÉTICA,240.0,8.0,21.73913043478261
935,517,2023-02-13,12,30,MEDICINA ESTÉTICA,240.0,8.0,61.53846153846154
936,517,2023-02-20,8,30,MEDICINA ESTÉTICA,240.0,8.0,49.43207632894139
937,517,2023-02-27,10,30,MEDICINA ESTÉTICA,240.0,8.0,51.28205128205128
938,517,2023-03-06,8,30,MEDICINA ESTÉTICA,240.0,8.0,49.43207632894139
939,517,2023-03-13,5,30,MEDICINA ESTÉTICA,240.0,8.0,21.73913043478261
940,517,2023-03-24,3,30,MEDICINA ESTÉTICA,240.0,8.0,15.384615384615385
941,517,2023-03-27,2,30,MEDICINA ESTÉTICA,240.0,8.0,12.5
942,517,2023-04-03,2,30,MEDICINA ESTÉTICA,240.0,8.0,12.5
943,517,2023-04-10,2,30,MEDICINA ESTÉTICA,240.0,8.0,12.5
944,517,2023-05-05,1,30,MEDICINA ESTÉTICA,240.0,8.0,6.666666666666667
945,517,2023-05-15,1,30,MEDICINA ESTÉTICA,240.0,8.0,6.666666666666667
946,517,2023-06-12,1,30,MEDICINA ESTÉTICA,240.0,8.0,6.666666666666667
947,518,2023-01-02,4,30,MEDICINA ESTÉTICA,240.0,8.0,17.391304347826086
948,518,2023-01-19,7,30,MEDICINA ESTÉTICA,240.0,8.0,42.42424242424242
949,518,2023-01-26,5,30,MEDICINA ESTÉTICA,240.0,8.0,21.73913043478261
950,518,2023-02-01,3,30,MEDICINA ESTÉTICA,240.0,8.0,15.384615384615385
951,518,2023-02-09,4,30,MEDICINA ESTÉTICA,240.0,8.0,17.391304347826086
952,518,2023-02-16,4,30,MEDICINA ESTÉTICA,240.0,8.0,17.391304347826086
953,518,2023-02-23,10,30,MEDICINA ESTÉTICA,240.0,8.0,51.28205128205128
954,518,2023-03-02,8,30,MEDICINA ESTÉTICA,240.0,8.0,49.43207632894139
955,518,2023-03-09,3,30,MEDICINA ESTÉTICA,240.0,8.0,15.384615384615385
956,518,2023-03-16,1,30,MEDICINA ESTÉTICA,240.0,8.0,6.666666666666667
957,518,2023-03-23,1,30,MEDICINA ESTÉTICA,240.0,8.0,6.666666666666667
958,518,2023-03-30,2,30,MEDICINA ESTÉTICA,240.0,8.0,12.5
959,518,2023-04-20,1,30,MEDICINA ESTÉTICA,240.0,8.0,6.666666666666667
960,518,2023-05-25,1,30,MEDICINA ESTÉTICA,240.0,8.0,6.666666666666667
961,527,2023-01-02,12,12,ECOGRAFIA,432.0,36.0,28.571428571428566
962,527,2023-01-03,18,12,ECOGRAFIA,504.0,42.0,40.909090909090914
963,527,2023-01-04,19,12,ECOGRAFIA,468.0,39.0,44.18604651162791
964,527,2023-01-05,0,12,ECOGRAFIA,468.0,39.0,0.0
965,527,2023-01-09,33,12,ECOGRAFIA,432.0,36.0,84.61538461538461
966,527,2023-01-10,35,12,ECOGRAFIA,504.0,42.0,81.3953488372093
967,527,2023-01-11,31,12,ECOGRAFIA,468.0,39.0,72.5
968,527,2023-01-12,34,12,ECOGRAFIA,468.0,39.0,79.06976744186046
969,527,2023-01-13,39,12,ECOGRAFIA,372.0,31.0,100.0
970,527,2023-01-16,43,12,ECOGRAFIA,432.0,36.0,84.0
971,527,2023-01-17,42,12,ECOGRAFIA,504.0,42.0,84.0
972,527,2023-01-18,37,12,ECOGRAFIA,468.0,39.0,72.0
973,527,2023-01-19,41,12,ECOGRAFIA,468.0,39.0,84.0
974,527,2023-01-20,34,12,ECOGRAFIA,372.0,31.0,79.06976744186046
975,527,2023-01-23,34,12,ECOGRAFIA,432.0,36.0,79.06976744186046
976,527,2023-01-24,27,12,ECOGRAFIA,504.0,42.0,54.0
977,527,2023-01-25,39,12,ECOGRAFIA,468.0,39.0,100.0
978,527,2023-01-26,30,12,ECOGRAFIA,468.0,39.0,72.5
979,527,2023-01-27,44,12,ECOGRAFIA,372.0,31.0,88.0
980,527,2023-01-30,34,12,ECOGRAFIA,432.0,36.0,79.06976744186046
981,527,2023-01-31,26,12,ECOGRAFIA,504.0,42.0,54.0
982,527,2023-02-01,34,12,ECOGRAFIA,468.0,39.0,79.06976744186046
983,527,2023-02-02,37,12,ECOGRAFIA,468.0,39.0,72.0
984,527,2023-02-03,47,12,ECOGRAFIA,372.0,31.0,114.99999999999999
985,527,2023-02-06,14,12,ECOGRAFIA,432.0,36.0,21.311475409836063
986,527,2023-02-07,47,12,ECOGRAFIA,504.0,42.0,114.99999999999999
987,527,2023-02-08,34,12,ECOGRAFIA,468.0,39.0,79.06976744186046
988,527,2023-02-09,34,12,ECOGRAFIA,468.0,39.0,79.06976744186046
989,527,2023-02-10,41,12,ECOGRAFIA,372.0,31.0,84.0
990,527,2023-02-13,43,12,ECOGRAFIA,432.0,36.0,84.0
991,527,2023-02-14,25,12,ECOGRAFIA,504.0,42.0,50.0
992,527,2023-02-15,39,12,ECOGRAFIA,468.0,39.0,100.0
993,527,2023-02-16,36,12,ECOGRAFIA,468.0,39.0,72.0
994,527,2023-02-17,33,12,ECOGRAFIA,372.0,31.0,84.61538461538461
995,527,2023-02-20,30,12,ECOGRAFIA,432.0,36.0,72.5
996,527,2023-02-21,40,12,ECOGRAFIA,504.0,42.0,100.0
997,527,2023-02-22,37,12,ECOGRAFIA,468.0,39.0,72.0
998,527,2023-02-23,39,12,ECOGRAFIA,468.0,39.0,100.0
999,527,2023-02-24,33,12,ECOGRAFIA,372.0,31.0,82.5
1000,527,2023-02-27,33,12,ECOGRAFIA,432.0,36.0,82.5
1001,527,2023-02-28,23,12,ECOGRAFIA,504.0,42.0,46.00000000000001
1002,527,2023-03-01,21,12,ECOGRAFIA,468.0,39.0,47.72727272727273
1003,527,2023-03-02,13,12,ECOGRAFIA,468.0,39.0,21.311475409836063
1004,527,2023-03-03,5,12,ECOGRAFIA,372.0,31.0,11.363636363636363
1005,527,2023-03-06,13,12,ECOGRAFIA,432.0,36.0,21.311475409836063
1006,527,2023-03-07,6,12,ECOGRAFIA,504.0,42.0,14.285714285714285
1007,527,2023-03-08,3,12,ECOGRAFIA,468.0,39.0,6.857142857142858
1008,527,2023-03-09,1,12,ECOGRAFIA,468.0,39.0,2.5
1009,527,2023-03-10,3,12,ECOGRAFIA,372.0,31.0,6.857142857142858
1010,527,2023-03-13,4,12,ECOGRAFIA,432.0,36.0,9.09090909090909
1011,527,2023-03-14,3,12,ECOGRAFIA,504.0,42.0,6.857142857142858
1012,527,2023-03-15,4,12,ECOGRAFIA,468.0,39.0,9.09090909090909
1013,527,2023-03-16,3,12,ECOGRAFIA,468.0,39.0,6.857142857142858
1014,527,2023-03-21,1,12,ECOGRAFIA,504.0,42.0,2.5
1015,527,2023-03-22,4,12,ECOGRAFIA,468.0,39.0,9.09090909090909
1016,527,2023-03-23,1,12,ECOGRAFIA,468.0,39.0,2.5
1017,527,2023-03-27,3,12,ECOGRAFIA,432.0,36.0,6.857142857142858
1018,527,2023-03-28,3,12,ECOGRAFIA,504.0,42.0,6.857142857142858
1019,527,2023-03-29,1,12,ECOGRAFIA,468.0,39.0,2.5
1020,527,2023-03-31,0,12,ECOGRAFIA,372.0,31.0,0.0
1021,527,2023-04-03,3,12,ECOGRAFIA,432.0,36.0,6.857142857142858
1022,527,2023-04-04,1,12,ECOGRAFIA,504.0,42.0,2.5
1023,527,2023-04-05,1,12,ECOGRAFIA,468.0,39.0,2.5
1024,527,2023-04-10,1,12,ECOGRAFIA,432.0,36.0,2.5
1025,527,2023-04-14,1,12,ECOGRAFIA,372.0,31.0,2.5
1026,527,2023-04-17,1,12,ECOGRAFIA,432.0,36.0,2.5
1027,527,2023-04-18,1,12,ECOGRAFIA,504.0,42.0,2.5
1028,527,2023-04-19,1,12,ECOGRAFIA,468.0,39.0,2.5
1029,527,2023-04-20,1,12,ECOGRAFIA,468.0,39.0,2.5
1030,527,2023-04-25,2,12,ECOGRAFIA,504.0,42.0,4.545454545454546
1031,527,2023-04-27,1,12,ECOGRAFIA,468.0,39.0,2.5
1032,527,2023-05-04,1,12,ECOGRAFIA,468.0,39.0,2.5
1033,527,2023-05-08,1,12,ECOGRAFIA,432.0,36.0,2.5
1034,527,2023-06-06,1,12,ECOGRAFIA,504.0,42.0,2.5
1035,527,2023-07-03,1,12,ECOGRAFIA,432.0,36.0,2.5
1036,528,2023-01-02,4,10,MAMOGRAFÍA,440.0,44.0,9.09090909090909
1037,528,2023-01-03,6,10,MAMOGRAFÍA,440.0,44.0,13.636363636363635
1038,528,2023-01-04,5,10,MAMOGRAFÍA,338.1818181818182,33.81818181818182,11.363636363636363
1039,528,2023-01-09,9,10,MAMOGRAFÍA,440.0,44.0,20.454545454545453
1040,528,2023-01-10,12,10,MAMOGRAFÍA,440.0,44.0,27.27272727272727
1041,528,2023-01-11,8,10,MAMOGRAFÍA,338.1818181818182,33.81818181818182,18.181818181818183
1042,528,2023-01-12,11,10,MAMOGRAFÍA,120.0,12.0,67.51054852320675
1043,528,2023-01-13,1,10,MAMOGRAFÍA,338.1818181818182,33.81818181818182,2.272727272727273
1044,528,2023-01-16,12,10,MAMOGRAFÍA,440.0,44.0,27.27272727272727
1045,528,2023-01-17,12,10,MAMOGRAFÍA,440.0,44.0,27.27272727272727
1046,528,2023-01-18,14,10,MAMOGRAFÍA,338.1818181818182,33.81818181818182,28.000000000000004
1047,528,2023-01-19,11,10,MAMOGRAFÍA,120.0,12.0,74.26160337552743
1048,528,2023-01-23,8,10,MAMOGRAFÍA,440.0,44.0,18.181818181818183
1049,528,2023-01-24,8,10,MAMOGRAFÍA,440.0,44.0,18.181818181818183
1050,528,2023-01-25,8,10,MAMOGRAFÍA,338.1818181818182,33.81818181818182,18.181818181818183
1051,528,2023-01-26,1,10,MAMOGRAFÍA,120.0,12.0,4.444444444444445
1052,528,2023-01-30,13,10,MAMOGRAFÍA,440.0,44.0,21.311475409836063
1053,528,2023-01-31,6,10,MAMOGRAFÍA,440.0,44.0,13.636363636363635
1054,528,2023-02-01,5,10,MAMOGRAFÍA,240.0,24.0,8.333333333333332
1055,528,2023-02-02,3,10,MAMOGRAFÍA,120.0,12.0,20.0
1056,528,2023-02-06,20,10,MAMOGRAFÍA,440.0,44.0,45.45454545454545
1057,528,2023-02-07,25,10,MAMOGRAFÍA,440.0,44.0,50.0
1058,528,2023-02-08,0,10,MAMOGRAFÍA,338.1818181818182,33.81818181818182,0.0
1059,528,2023-02-09,5,10,MAMOGRAFÍA,120.0,12.0,23.809523809523807
1060,528,2023-02-13,29,10,MAMOGRAFÍA,440.0,44.0,57.99999999999999
1061,528,2023-02-14,22,10,MAMOGRAFÍA,440.0,44.0,45.83333333333333
1062,528,2023-02-15,3,10,MAMOGRAFÍA,60.0,6.0,25.0
1063,528,2023-02-16,8,10,MAMOGRAFÍA,120.0,12.0,38.0952380952381
1064,528,2023-02-17,2,10,MAMOGRAFÍA,60.0,6.0,9.30232558139535
1065,528,2023-02-20,22,10,MAMOGRAFÍA,440.0,44.0,45.83333333333333
1066,528,2023-02-21,26,10,MAMOGRAFÍA,440.0,44.0,54.0
1067,528,2023-02-22,0,10,MAMOGRAFÍA,338.1818181818182,33.81818181818182,0.0
1068,528,2023-02-23,5,10,MAMOGRAFÍA,120.0,12.0,23.809523809523807
1069,528,2023-02-27,27,10,MAMOGRAFÍA,440.0,44.0,54.0
1070,528,2023-02-28,15,10,MAMOGRAFÍA,440.0,44.0,34.090909090909086
1071,528,2023-03-02,4,10,MAMOGRAFÍA,120.0,12.0,20.0
1072,528,2023-03-06,7,10,MAMOGRAFÍA,440.0,44.0,17.5
1073,528,2023-03-07,4,10,MAMOGRAFÍA,440.0,44.0,9.09090909090909
1074,528,2023-03-09,1,10,MAMOGRAFÍA,120.0,12.0,4.444444444444445
1075,528,2023-03-13,4,10,MAMOGRAFÍA,440.0,44.0,9.09090909090909
1076,528,2023-03-14,1,10,MAMOGRAFÍA,440.0,44.0,2.272727272727273
1077,528,2023-03-21,1,10,MAMOGRAFÍA,440.0,44.0,2.272727272727273
1078,528,2023-03-27,2,10,MAMOGRAFÍA,440.0,44.0,4.545454545454546
1079,528,2023-03-28,3,10,MAMOGRAFÍA,440.0,44.0,6.8181818181818175
1080,528,2023-04-03,1,10,MAMOGRAFÍA,440.0,44.0,2.272727272727273
1081,528,2023-04-05,1,10,MAMOGRAFÍA,338.1818181818182,33.81818181818182,2.272727272727273
1082,528,2023-04-10,1,10,MAMOGRAFÍA,440.0,44.0,2.272727272727273
1083,528,2023-04-17,1,10,MAMOGRAFÍA,440.0,44.0,2.272727272727273
1084,528,2023-04-20,1,10,MAMOGRAFÍA,120.0,12.0,4.444444444444445
1085,528,2023-04-24,1,10,MAMOGRAFÍA,440.0,44.0,2.272727272727273
1086,528,2023-04-25,2,10,MAMOGRAFÍA,440.0,44.0,4.545454545454546
1087,528,2023-05-04,1,10,MAMOGRAFÍA,120.0,12.0,4.444444444444445
1088,538,2023-01-11,35,6,TRAUMATOLOGIA,240.0,40.0,96.0
1089,538,2023-01-12,37,6,TRAUMATOLOGIA,240.0,40.0,103.20095630229777
1090,538,2023-01-18,34,6,TRAUMATOLOGIA,240.0,40.0,90.66666666666666
1091,538,2023-01-19,32,6,TRAUMATOLOGIA,240.0,40.0,43.05555555555556
1092,538,2023-01-25,47,6,TRAUMATOLOGIA,300.0,50.0,94.44444444444444
1093,538,2023-01-26,0,6,TRAUMATOLOGIA,240.0,40.0,0.0
1094,538,2023-02-08,42,6,TRAUMATOLOGIA,240.0,40.0,54.166666666666664
1095,538,2023-02-09,41,6,TRAUMATOLOGIA,240.0,40.0,54.166666666666664
1096,538,2023-02-15,32,6,TRAUMATOLOGIA,240.0,40.0,43.05555555555556
1097,538,2023-02-22,44,6,TRAUMATOLOGIA,240.0,40.0,54.166666666666664
1098,538,2023-02-23,45,6,TRAUMATOLOGIA,240.0,40.0,54.166666666666664
1099,538,2023-03-01,41,6,TRAUMATOLOGIA,240.0,40.0,54.166666666666664
1100,538,2023-03-02,40,6,TRAUMATOLOGIA,240.0,40.0,54.166666666666664
1101,538,2023-03-15,7,6,TRAUMATOLOGIA,240.0,40.0,16.666666666666664
1102,538,2023-03-16,4,6,TRAUMATOLOGIA,240.0,40.0,4.166666666666666
1103,538,2023-03-29,0,6,TRAUMATOLOGIA,300.0,50.0,0.0
1104,558,2023-01-20,15,15,OTORRINOLARINGOLOGIA,180.0,12.0,71.42857142857143
1105,558,2023-01-25,12,15,OTORRINOLARINGOLOGIA,180.0,12.0,68.75
1106,558,2023-01-27,20,15,OTORRINOLARINGOLOGIA,240.0,16.0,51.28205128205128
1107,558,2023-02-03,26,15,OTORRINOLARINGOLOGIA,240.0,16.0,83.87096774193549
1108,558,2023-02-10,16,15,OTORRINOLARINGOLOGIA,180.0,12.0,76.19047619047619
1109,558,2023-02-24,33,15,OTORRINOLARINGOLOGIA,240.0,16.0,78.5714285714286
1110,558,2023-03-10,17,15,OTORRINOLARINGOLOGIA,240.0,16.0,51.61290322580645
1111,558,2023-03-24,4,15,OTORRINOLARINGOLOGIA,240.0,16.0,11.11111111111111
1112,580,2023-01-20,11,10,CIRUGIA VASCULAR,180.0,18.0,74.26160337552743
1113,580,2023-02-03,3,10,CIRUGIA VASCULAR,180.0,18.0,10.284893464208762
1114,580,2023-02-17,5,10,CIRUGIA VASCULAR,180.0,18.0,19.047619047619047
1115,591,2023-01-10,2,30,MEDICINA ESTÉTICA,240.0,8.0,12.5
1116,591,2023-01-31,5,30,MEDICINA ESTÉTICA,240.0,8.0,21.73913043478261
1117,591,2023-02-14,4,30,MEDICINA ESTÉTICA,240.0,8.0,17.391304347826086
1118,591,2023-02-28,5,30,MEDICINA ESTÉTICA,240.0,8.0,21.73913043478261
1119,591,2023-03-28,2,30,MEDICINA ESTÉTICA,240.0,8.0,12.5
1120,591,2023-04-18,1,30,MEDICINA ESTÉTICA,240.0,8.0,6.666666666666667
1121,591,2023-06-13,1,30,MEDICINA ESTÉTICA,240.0,8.0,6.666666666666667
1122,600,2023-01-09,19,10,GINECOLOGÍA,210.0,21.0,63.33333333333333
1123,600,2023-01-23,17,10,GINECOLOGÍA,210.0,21.0,60.0
1124,600,2023-01-30,16,10,GINECOLOGÍA,210.0,21.0,50.0
1125,600,2023-02-06,18,10,GINECOLOGÍA,210.0,21.0,60.0
1126,600,2023-02-13,17,10,GINECOLOGÍA,210.0,21.0,60.0
1127,600,2023-02-20,14,10,GINECOLOGÍA,210.0,21.0,50.0
1128,600,2023-02-27,9,10,GINECOLOGÍA,210.0,21.0,25.0
1129,600,2023-03-06,8,10,GINECOLOGÍA,210.0,21.0,19.047619047619047
1130,600,2023-03-13,4,10,GINECOLOGÍA,210.0,21.0,11.11111111111111
1131,600,2023-03-27,2,10,GINECOLOGÍA,210.0,21.0,4.0
1132,605,2023-01-12,4,45,FISIOTERAPIA SALUD MUJER,225.0,5.0,26.666666666666668
1133,605,2023-01-19,2,45,FISIOTERAPIA SALUD MUJER,225.0,5.0,12.5
1134,605,2023-01-26,4,45,FISIOTERAPIA SALUD MUJER,225.0,5.0,26.666666666666668
1135,605,2023-02-02,3,45,FISIOTERAPIA SALUD MUJER,225.0,5.0,30.755395683453234
1136,605,2023-02-09,2,45,FISIOTERAPIA SALUD MUJER,225.0,5.0,12.5
1137,605,2023-02-16,3,45,FISIOTERAPIA SALUD MUJER,225.0,5.0,30.755395683453234
1138,605,2023-02-23,4,45,FISIOTERAPIA SALUD MUJER,225.0,5.0,26.666666666666668
1139,605,2023-03-02,2,45,FISIOTERAPIA SALUD MUJER,225.0,5.0,12.5
1140,605,2023-03-16,1,45,FISIOTERAPIA SALUD MUJER,225.0,5.0,10.0
